Entity,Code,Year,Literacy rate among young women
Afghanistan,AFG,1979,11
Afghanistan,AFG,2011,32
Afghanistan,AFG,2015,25.48416
Afghanistan,AFG,2021,42
Afghanistan,AFG,2022,44.17171
Albania,ALB,2001,99
Albania,ALB,2005,99.49
Albania,ALB,2008,99
Albania,ALB,2009,96.61
Albania,ALB,2011,99
Albania,ALB,2012,99
Albania,ALB,2017,99.52556
Algeria,DZA,1987,62
Algeria,DZA,2002,86
Algeria,DZA,2006,89
Algeria,DZA,2008,92
Algeria,DZA,2019,97.9897
American Samoa,ASM,1980,97
Angola,AGO,2001,63
Angola,AGO,2014,71
Angola,AGO,2015,67.4276
Anguilla,AIA,1984,99
Argentina,ARG,1980,97
Argentina,ARG,1991,99
Argentina,ARG,2001,99
Armenia,ARM,1989,100
Armenia,ARM,2000,100
Armenia,ARM,2001,100
Armenia,ARM,2011,100
Armenia,ARM,2016,100
Armenia,ARM,2017,100
Armenia,ARM,2020,100
Armenia,ARM,2022,99.91656
Aruba,ABW,2000,99
Aruba,ABW,2010,99
Azerbaijan,AZE,1999,100
Azerbaijan,AZE,2006,100
Azerbaijan,AZE,2007,100
Azerbaijan,AZE,2009,100
Azerbaijan,AZE,2010,100
Azerbaijan,AZE,2011,100
Azerbaijan,AZE,2012,100
Azerbaijan,AZE,2013,100
Azerbaijan,AZE,2014,100
Azerbaijan,AZE,2015,100
Azerbaijan,AZE,2016,100
Azerbaijan,AZE,2017,100
Azerbaijan,AZE,2019,100
Azerbaijan,AZE,2023,100
Bahrain,BHR,1981,82
Bahrain,BHR,1991,97
Bahrain,BHR,2001,97
Bahrain,BHR,2022,99
Bahrain,BHR,2023,99
Bangladesh,BGD,1981,27
Bangladesh,BGD,1991,38
Bangladesh,BGD,2000,100
Bangladesh,BGD,2001,60
Bangladesh,BGD,2006,87.2
Bangladesh,BGD,2007,77.09
Bangladesh,BGD,2011,80
Bangladesh,BGD,2012,79
Bangladesh,BGD,2013,87
Bangladesh,BGD,2014,86
Bangladesh,BGD,2015,90
Bangladesh,BGD,2016,94
Bangladesh,BGD,2017,94
Bangladesh,BGD,2018,95
Bangladesh,BGD,2019,96
Bangladesh,BGD,2020,96
Bangladesh,BGD,2021,96
Bangladesh,BGD,2022,94
Barbados,BRB,1970,100
Barbados,BRB,2012,100
Belarus,BLR,1989,100
Belarus,BLR,1999,100
Belarus,BLR,2005,99.98
Belarus,BLR,2009,100
Belarus,BLR,2012,100
Belarus,BLR,2019,100
Belize,BLZ,1991,78
Belize,BLZ,2006,95.13
Belize,BLZ,2011,96.6
Belize,BLZ,2015,98.07905
Benin,BEN,1979,18
Benin,BEN,1992,27
Benin,BEN,2001,31.85
Benin,BEN,2002,33
Benin,BEN,2006,39.53
Benin,BEN,2017,50.98536
Benin,BEN,2019,62.76271
Benin,BEN,2021,59.18644
Benin,BEN,2022,67.93813
Bhutan,BTN,2005,68
Bhutan,BTN,2010,63.34
Bhutan,BTN,2012,82
Bhutan,BTN,2017,93
Bolivia,BOL,1976,76
Bolivia,BOL,1992,92
Bolivia,BOL,2000,96.3
Bolivia,BOL,2001,96.5
Bolivia,BOL,2002,97.1
Bolivia,BOL,2003,96.67
Bolivia,BOL,2004,98.6
Bolivia,BOL,2005,98.4
Bolivia,BOL,2006,97.4
Bolivia,BOL,2007,99.1
Bolivia,BOL,2008,99
Bolivia,BOL,2009,99.1
Bolivia,BOL,2011,98.8
Bolivia,BOL,2012,99.2
Bolivia,BOL,2013,99.2
Bolivia,BOL,2014,99.2
Bolivia,BOL,2015,99.4
Bolivia,BOL,2016,99.3
Bolivia,BOL,2017,99.3
Bolivia,BOL,2018,99.4
Bolivia,BOL,2019,99.4
Bolivia,BOL,2020,99.5
Bolivia,BOL,2021,99.5
Bosnia and Herzegovina,BIH,1991,99
Bosnia and Herzegovina,BIH,2000,100
Bosnia and Herzegovina,BIH,2006,99.82
Bosnia and Herzegovina,BIH,2013,100
Botswana,BWA,1991,92
Botswana,BWA,2003,96
Brazil,BRA,1980,85
Brazil,BRA,2000,96
Brazil,BRA,2001,96.9
Brazil,BRA,2002,97.5
Brazil,BRA,2003,97.7
Brazil,BRA,2004,97.9
Brazil,BRA,2005,98.1
Brazil,BRA,2006,98.3
Brazil,BRA,2007,98.6
Brazil,BRA,2008,98.5
Brazil,BRA,2009,98.7
Brazil,BRA,2010,98
Brazil,BRA,2011,99.1
Brazil,BRA,2012,99
Brazil,BRA,2013,99.2
Brazil,BRA,2014,99.3
Brazil,BRA,2015,99.3
Brazil,BRA,2016,99.5
Brazil,BRA,2017,99.5
Brazil,BRA,2018,99.4
Brazil,BRA,2019,99.5
Brazil,BRA,2020,99.5
Brazil,BRA,2021,99.5
Brazil,BRA,2022,99.6
Brazil,BRA,2023,99.6
Brunei,BRN,1981,93
Brunei,BRN,1991,98
Brunei,BRN,2001,99
Brunei,BRN,2011,100
Bulgaria,BGR,2001,98
Bulgaria,BGR,2011,98
Burkina Faso,BFA,1975,7
Burkina Faso,BFA,1991,14
Burkina Faso,BFA,1996,14
Burkina Faso,BFA,2003,25
Burkina Faso,BFA,2005,26
Burkina Faso,BFA,2006,27
Burkina Faso,BFA,2007,33
Burkina Faso,BFA,2010,27.24
Burkina Faso,BFA,2014,44
Burkina Faso,BFA,2018,54
Burkina Faso,BFA,2019,44
Burkina Faso,BFA,2021,58.758
Burkina Faso,BFA,2022,60.56925
Burundi,BDI,1979,21
Burundi,BDI,1990,48
Burundi,BDI,2000,70
Burundi,BDI,2005,52.83
Burundi,BDI,2008,57
Burundi,BDI,2010,66.51
Burundi,BDI,2014,75
Burundi,BDI,2016,82.08605
Burundi,BDI,2017,86
Cambodia,KHM,1998,71
Cambodia,KHM,2000,54.67
Cambodia,KHM,2004,79
Cambodia,KHM,2005,67.33
Cambodia,KHM,2008,86
Cambodia,KHM,2009,86
Cambodia,KHM,2010,78.02
Cambodia,KHM,2014,90
Cambodia,KHM,2015,93
Cambodia,KHM,2021,93.50569
Cameroon,CMR,1976,59
Cameroon,CMR,2000,78
Cameroon,CMR,2004,67.65
Cameroon,CMR,2006,64.67
Cameroon,CMR,2007,77
Cameroon,CMR,2010,76
Cameroon,CMR,2011,73.41
Cameroon,CMR,2014,100
Cameroon,CMR,2018,76.3945
Cape Verde,CPV,1990,86
Cape Verde,CPV,2012,98
Cape Verde,CPV,2015,99
Cayman Islands,CYM,2007,99
Central African Republic,CAF,1975,20
Central African Republic,CAF,1988,35
Central African Republic,CAF,2000,49
Central African Republic,CAF,2006,21.51
Central African Republic,CAF,2010,27.63
Central African Republic,CAF,2019,36.67682
Central and Southern Asia (SDG),,1975,35.88069
Central and Southern Asia (SDG),,1976,35.99637
Central and Southern Asia (SDG),,1977,37.11797
Central and Southern Asia (SDG),,1978,38.23392
Central and Southern Asia (SDG),,1979,39.34306
Central and Southern Asia (SDG),,1980,40.34363
Central and Southern Asia (SDG),,1981,41.23879
Central and Southern Asia (SDG),,1982,42.33691
Central and Southern Asia (SDG),,1983,43.46367
Central and Southern Asia (SDG),,1984,44.54084
Central and Southern Asia (SDG),,1985,45.61228
Central and Southern Asia (SDG),,1986,46.6844
Central and Southern Asia (SDG),,1987,47.70883
Central and Southern Asia (SDG),,1988,45.84002
Central and Southern Asia (SDG),,1989,47.43975
Central and Southern Asia (SDG),,1990,49.24991
Central and Southern Asia (SDG),,1991,50.83163
Central and Southern Asia (SDG),,1992,52.2682
Central and Southern Asia (SDG),,1993,53.6906
Central and Southern Asia (SDG),,1994,55.22097
Central and Southern Asia (SDG),,1995,56.90365
Central and Southern Asia (SDG),,1996,58.44146
Central and Southern Asia (SDG),,1997,59.79875
Central and Southern Asia (SDG),,1998,62.4221
Central and Southern Asia (SDG),,1999,64.21235
Central and Southern Asia (SDG),,2000,65.90239
Central and Southern Asia (SDG),,2001,67.50308
Central and Southern Asia (SDG),,2002,69.10661
Central and Southern Asia (SDG),,2003,70.32368
Central and Southern Asia (SDG),,2004,71.84613
Central and Southern Asia (SDG),,2005,72.0607
Central and Southern Asia (SDG),,2006,73.06606
Central and Southern Asia (SDG),,2007,74.62511
Central and Southern Asia (SDG),,2008,76.26355
Central and Southern Asia (SDG),,2009,77.79943
Central and Southern Asia (SDG),,2010,79.15094
Central and Southern Asia (SDG),,2011,80.23454
Central and Southern Asia (SDG),,2012,81.02616
Central and Southern Asia (SDG),,2013,82.70196
Central and Southern Asia (SDG),,2014,83.84325
Central and Southern Asia (SDG),,2015,85.22724
Central and Southern Asia (SDG),,2016,86.58227
Central and Southern Asia (SDG),,2017,87.15818
Central and Southern Asia (SDG),,2018,86.94566
Central and Southern Asia (SDG),,2019,89.33263
Central and Southern Asia (SDG),,2020,89.98798
Central and Southern Asia (SDG),,2021,90.64738
Central and Southern Asia (SDG),,2022,91.34677
Central and Southern Asia (SDG),,2023,91.97111
Chad,TCD,1993,9
Chad,TCD,2000,23
Chad,TCD,2004,31
Chad,TCD,2010,16.88
Chad,TCD,2016,22
Chad,TCD,2019,33.32039
Chile,CHL,1982,97
Chile,CHL,1992,99
Chile,CHL,2000,99.3
Chile,CHL,2002,99
Chile,CHL,2003,99.4
Chile,CHL,2006,99.3
Chile,CHL,2009,99.5
Chile,CHL,2011,99.6
Chile,CHL,2013,99.1
Chile,CHL,2015,99.4
Chile,CHL,2017,99
Chile,CHL,2022,99.5
China,CHN,1982,82
China,CHN,1990,91
China,CHN,2000,99
China,CHN,2010,100
China,CHN,2020,100
Colombia,COL,1993,96
Colombia,COL,1996,98
Colombia,COL,2000,100
Colombia,COL,2002,98
Colombia,COL,2003,98.3
Colombia,COL,2004,98.4
Colombia,COL,2005,98.4
Colombia,COL,2006,98
Colombia,COL,2007,98
Colombia,COL,2008,98.4
Colombia,COL,2009,98.4
Colombia,COL,2010,98.6
Colombia,COL,2011,98.8
Colombia,COL,2012,98.7
Colombia,COL,2013,98.8
Colombia,COL,2014,98.9
Colombia,COL,2015,98.9
Colombia,COL,2016,99
Colombia,COL,2017,99
Colombia,COL,2018,99.1
Colombia,COL,2019,99.2
Colombia,COL,2020,99.3
Colombia,COL,2021,99.4
Colombia,COL,2022,99.2
Colombia,COL,2023,99.2
Comoros,COM,1980,55
Comoros,COM,2000,78
Comoros,COM,2012,78.59
Congo,COG,1984,83
Congo,COG,2005,71
Costa Rica,CRI,1984,98
Costa Rica,CRI,2000,98
Costa Rica,CRI,2011,99
Costa Rica,CRI,2018,99.63372
Cote d'Ivoire,CIV,1988,38
Cote d'Ivoire,CIV,1998,40
Cote d'Ivoire,CIV,2000,52
Cote d'Ivoire,CIV,2006,38.57
Cote d'Ivoire,CIV,2014,47
Cote d'Ivoire,CIV,2016,54.73764
Cote d'Ivoire,CIV,2019,76
Cote d'Ivoire,CIV,2021,58.31827
Croatia,HRV,1991,100
Croatia,HRV,2001,100
Cuba,CUB,2002,100
Cuba,CUB,2012,100
Cuba,CUB,2019,99.70794
Cyprus,CYP,1992,100
Cyprus,CYP,2001,100
Cyprus,CYP,2011,100
Democratic Republic of Congo,COD,2001,63
Democratic Republic of Congo,COD,2007,62.97
Democratic Republic of Congo,COD,2010,64.32
Democratic Republic of Congo,COD,2012,77
Democratic Republic of Congo,COD,2013,76.58
Democratic Republic of Congo,COD,2016,80
Democratic Republic of Congo,COD,2018,77.53746
Djibouti,DJI,2006,51.81
Dominican Republic,DOM,1981,84
Dominican Republic,DOM,2000,96.5
Dominican Republic,DOM,2001,96.6
Dominican Republic,DOM,2002,96.5
Dominican Republic,DOM,2003,96.9
Dominican Republic,DOM,2004,96.7
Dominican Republic,DOM,2005,97.3
Dominican Republic,DOM,2006,97.9
Dominican Republic,DOM,2007,97.8
Dominican Republic,DOM,2008,97.4
Dominican Republic,DOM,2009,98.4
Dominican Republic,DOM,2010,97.9
Dominican Republic,DOM,2011,98.6
Dominican Republic,DOM,2012,98
Dominican Republic,DOM,2013,98.3
Dominican Republic,DOM,2014,98.2
Dominican Republic,DOM,2015,98.1
Dominican Republic,DOM,2016,98.8
Dominican Republic,DOM,2017,98.4
Dominican Republic,DOM,2018,99.1
Dominican Republic,DOM,2019,99.1
Dominican Republic,DOM,2020,99.1
Dominican Republic,DOM,2021,99
Dominican Republic,DOM,2022,98.9
Dominican Republic,DOM,2023,98.8
East Asia and Pacific (WB),,1976,75.64997
East Asia and Pacific (WB),,1977,75.98357
East Asia and Pacific (WB),,1978,77.81567
East Asia and Pacific (WB),,1979,79.69596
East Asia and Pacific (WB),,1980,81.52722
East Asia and Pacific (WB),,1981,83.11595
East Asia and Pacific (WB),,1982,84.40361
East Asia and Pacific (WB),,1983,85.61921
East Asia and Pacific (WB),,1984,86.65315
East Asia and Pacific (WB),,1985,87.46774
East Asia and Pacific (WB),,1986,88.14246
East Asia and Pacific (WB),,1987,89.43954
East Asia and Pacific (WB),,1988,91.42354
East Asia and Pacific (WB),,1989,91.76531
East Asia and Pacific (WB),,1990,92.07513
East Asia and Pacific (WB),,1991,92.39921
East Asia and Pacific (WB),,1992,92.70293
East Asia and Pacific (WB),,1993,92.95647
East Asia and Pacific (WB),,1994,93.35312
East Asia and Pacific (WB),,1995,93.7574
East Asia and Pacific (WB),,1996,94.08663
East Asia and Pacific (WB),,1997,96.96976
East Asia and Pacific (WB),,1998,97.10172
East Asia and Pacific (WB),,1999,97.24602
East Asia and Pacific (WB),,2000,97.24828
East Asia and Pacific (WB),,2001,97.37758
East Asia and Pacific (WB),,2002,97.50698
East Asia and Pacific (WB),,2003,97.72554
East Asia and Pacific (WB),,2004,97.84924
East Asia and Pacific (WB),,2005,97.97492
East Asia and Pacific (WB),,2006,97.8041
East Asia and Pacific (WB),,2007,98.20255
East Asia and Pacific (WB),,2008,98.61238
East Asia and Pacific (WB),,2009,98.60713
East Asia and Pacific (WB),,2010,98.5755
East Asia and Pacific (WB),,2011,98.15948
East Asia and Pacific (WB),,2012,98.21486
East Asia and Pacific (WB),,2013,98.28557
East Asia and Pacific (WB),,2014,98.5517
East Asia and Pacific (WB),,2015,98.5754
East Asia and Pacific (WB),,2016,98.60907
East Asia and Pacific (WB),,2017,98.6212
East Asia and Pacific (WB),,2018,98.59121
East Asia and Pacific (WB),,2019,98.96828
East Asia and Pacific (WB),,2020,99.04304
East Asia and Pacific (WB),,2021,99.0817
East Asia and Pacific (WB),,2022,99.13032
East Asia and Pacific (WB),,2023,99.16245
East Timor,TLS,2009,83.71
East Timor,TLS,2010,79
East Timor,TLS,2016,88.72531
Eastern and South-Eastern Asia (SDG),,1976,75.54955
Eastern and South-Eastern Asia (SDG),,1977,75.88257
Eastern and South-Eastern Asia (SDG),,1978,77.73867
Eastern and South-Eastern Asia (SDG),,1979,79.64592
Eastern and South-Eastern Asia (SDG),,1980,81.50134
Eastern and South-Eastern Asia (SDG),,1981,83.11022
Eastern and South-Eastern Asia (SDG),,1982,84.41362
Eastern and South-Eastern Asia (SDG),,1983,85.64386
Eastern and South-Eastern Asia (SDG),,1984,86.68919
Eastern and South-Eastern Asia (SDG),,1985,87.51172
Eastern and South-Eastern Asia (SDG),,1986,88.19202
Eastern and South-Eastern Asia (SDG),,1987,89.50169
Eastern and South-Eastern Asia (SDG),,1988,91.50705
Eastern and South-Eastern Asia (SDG),,1989,91.852
Eastern and South-Eastern Asia (SDG),,1990,92.16502
Eastern and South-Eastern Asia (SDG),,1991,92.49314
Eastern and South-Eastern Asia (SDG),,1992,92.80164
Eastern and South-Eastern Asia (SDG),,1993,93.06
Eastern and South-Eastern Asia (SDG),,1994,93.46461
Eastern and South-Eastern Asia (SDG),,1995,93.87752
Eastern and South-Eastern Asia (SDG),,1996,94.21008
Eastern and South-Eastern Asia (SDG),,1997,97.13049
Eastern and South-Eastern Asia (SDG),,1998,97.26268
Eastern and South-Eastern Asia (SDG),,1999,97.41061
Eastern and South-Eastern Asia (SDG),,2000,97.41581
Eastern and South-Eastern Asia (SDG),,2001,97.5457
Eastern and South-Eastern Asia (SDG),,2002,97.67487
Eastern and South-Eastern Asia (SDG),,2003,97.89353
Eastern and South-Eastern Asia (SDG),,2004,98.01609
Eastern and South-Eastern Asia (SDG),,2005,98.14126
Eastern and South-Eastern Asia (SDG),,2006,97.96613
Eastern and South-Eastern Asia (SDG),,2007,98.37064
Eastern and South-Eastern Asia (SDG),,2008,98.78818
Eastern and South-Eastern Asia (SDG),,2009,98.78162
Eastern and South-Eastern Asia (SDG),,2010,98.74636
Eastern and South-Eastern Asia (SDG),,2011,98.32828
Eastern and South-Eastern Asia (SDG),,2012,98.39026
Eastern and South-Eastern Asia (SDG),,2013,98.46905
Eastern and South-Eastern Asia (SDG),,2014,98.74792
Eastern and South-Eastern Asia (SDG),,2015,98.78167
Eastern and South-Eastern Asia (SDG),,2016,98.82578
Eastern and South-Eastern Asia (SDG),,2017,98.84568
Eastern and South-Eastern Asia (SDG),,2018,98.82176
Eastern and South-Eastern Asia (SDG),,2019,99.213
Eastern and South-Eastern Asia (SDG),,2020,99.2941
Eastern and South-Eastern Asia (SDG),,2021,99.33651
Eastern and South-Eastern Asia (SDG),,2022,99.39149
Eastern and South-Eastern Asia (SDG),,2023,99.42854
Ecuador,ECU,1982,92
Ecuador,ECU,1990,96
Ecuador,ECU,2001,97.3
Ecuador,ECU,2003,97.4
Ecuador,ECU,2005,98.2
Ecuador,ECU,2006,98.1
Ecuador,ECU,2007,98.6
Ecuador,ECU,2008,98.5
Ecuador,ECU,2009,98.9
Ecuador,ECU,2010,98.9
Ecuador,ECU,2011,98.8
Ecuador,ECU,2012,98.9
Ecuador,ECU,2013,98.6
Ecuador,ECU,2014,99.2
Ecuador,ECU,2015,98.9
Ecuador,ECU,2016,99.1
Ecuador,ECU,2017,99.4
Ecuador,ECU,2018,99.1
Ecuador,ECU,2019,98.8
Ecuador,ECU,2020,99.1
Ecuador,ECU,2021,99.2
Ecuador,ECU,2022,99.2
Ecuador,ECU,2023,99.3
Egypt,EGY,1976,38
Egypt,EGY,1986,54
Egypt,EGY,1996,67
Egypt,EGY,2000,77.19
Egypt,EGY,2005,79
Egypt,EGY,2006,82
Egypt,EGY,2010,84
Egypt,EGY,2012,86
Egypt,EGY,2013,90
Egypt,EGY,2014,94.08
Egypt,EGY,2017,87
Egypt,EGY,2022,94.82
El Salvador,SLV,1992,85
El Salvador,SLV,2000,92.6
El Salvador,SLV,2001,93.6
El Salvador,SLV,2002,93.6
El Salvador,SLV,2003,93.4
El Salvador,SLV,2004,94
El Salvador,SLV,2005,94.9
El Salvador,SLV,2006,95.5
El Salvador,SLV,2007,95.8
El Salvador,SLV,2008,96
El Salvador,SLV,2009,96.1
El Salvador,SLV,2010,96.4
El Salvador,SLV,2011,97
El Salvador,SLV,2012,97.6
El Salvador,SLV,2013,97.5
El Salvador,SLV,2014,98.2
El Salvador,SLV,2015,98.4
El Salvador,SLV,2016,98.3
El Salvador,SLV,2017,98.1
El Salvador,SLV,2018,98.2
El Salvador,SLV,2019,98.7
El Salvador,SLV,2020,98.7
El Salvador,SLV,2021,98.3
El Salvador,SLV,2022,98.6
El Salvador,SLV,2023,98.5
Equatorial Guinea,GNQ,2000,97
Eritrea,ERI,2002,69
Eritrea,ERI,2008,83
Estonia,EST,1989,100
Estonia,EST,2000,100
Estonia,EST,2011,100
Eswatini,SWZ,1976,75
Eswatini,SWZ,1986,84
Eswatini,SWZ,2000,93
Eswatini,SWZ,2006,93.58
Eswatini,SWZ,2010,96.32
Eswatini,SWZ,2014,100
Eswatini,SWZ,2022,98.77755
Ethiopia,ETH,1994,28
Ethiopia,ETH,2000,27.02
Ethiopia,ETH,2004,39
Ethiopia,ETH,2005,34.06
Ethiopia,ETH,2007,47
Ethiopia,ETH,2011,43.65
Ethiopia,ETH,2016,64.5676
Ethiopia,ETH,2019,70.29423
Europe and Central Asia (WB),,1990,98.59226
Europe and Central Asia (WB),,1991,98.63546
Europe and Central Asia (WB),,1992,98.60188
Europe and Central Asia (WB),,1993,98.64055
Europe and Central Asia (WB),,1994,98.69671
Europe and Central Asia (WB),,1995,98.73289
Europe and Central Asia (WB),,1996,98.77194
Europe and Central Asia (WB),,1997,98.8102
Europe and Central Asia (WB),,1998,98.83175
Europe and Central Asia (WB),,1999,98.84616
Europe and Central Asia (WB),,2000,98.82764
Europe and Central Asia (WB),,2001,98.86257
Europe and Central Asia (WB),,2002,98.91292
Europe and Central Asia (WB),,2003,98.93462
Europe and Central Asia (WB),,2004,98.9432
Europe and Central Asia (WB),,2005,99.01076
Europe and Central Asia (WB),,2006,99.02952
Europe and Central Asia (WB),,2007,99.0562
Europe and Central Asia (WB),,2008,99.08809
Europe and Central Asia (WB),,2009,99.31396
Europe and Central Asia (WB),,2010,99.38538
Europe and Central Asia (WB),,2011,99.46198
Europe and Central Asia (WB),,2012,99.51233
Europe and Central Asia (WB),,2013,99.5471
Europe and Central Asia (WB),,2014,99.57678
Europe and Central Asia (WB),,2015,99.6026
Europe and Central Asia (WB),,2016,99.6327
Europe and Central Asia (WB),,2017,99.67333
Europe and Central Asia (WB),,2018,99.71808
Europe and Central Asia (WB),,2019,99.74016
Europe and Central Asia (WB),,2020,99.75049
Europe and Central Asia (WB),,2021,99.75854
Europe and Central Asia (WB),,2022,99.76337
Europe and Central Asia (WB),,2023,99.76482
Europe and Northern America (SDG),,2002,99.50273
Europe and Northern America (SDG),,2003,99.5103
Europe and Northern America (SDG),,2004,99.51708
Europe and Northern America (SDG),,2005,99.51734
Europe and Northern America (SDG),,2006,99.51924
Europe and Northern America (SDG),,2007,99.52847
Europe and Northern America (SDG),,2018,99.63965
Europe and Northern America (SDG),,2019,99.64386
Europe and Northern America (SDG),,2020,99.64667
Europe and Northern America (SDG),,2021,99.64984
Europe and Northern America (SDG),,2022,99.65033
Fiji,FJI,2021,99.41343
Gabon,GAB,1993,92
Gabon,GAB,2012,93.77
Gabon,GAB,2021,93.04062
Gambia,GMB,2000,41
Gambia,GMB,2006,48.15
Gambia,GMB,2013,65.85
Gambia,GMB,2015,64
Gambia,GMB,2018,67.01137
Gambia,GMB,2021,62.55218
Georgia,GEO,2002,100
Georgia,GEO,2005,99.9
Georgia,GEO,2014,100
Georgia,GEO,2017,99
Georgia,GEO,2018,99.94143
Georgia,GEO,2022,100
Georgia,GEO,2023,99.8423
Ghana,GHA,2000,65
Ghana,GHA,2003,73.05
Ghana,GHA,2006,76.92
Ghana,GHA,2010,83
Ghana,GHA,2011,84.6
Ghana,GHA,2014,83.65
Ghana,GHA,2017,85.2477
Ghana,GHA,2021,91.30476
Greece,GRC,1981,99
Greece,GRC,1991,99
Greece,GRC,2001,99
Greece,GRC,2009,99
Grenada,GRD,1970,99
Guadeloupe,GLP,1982,99
Guam,GUM,1980,96
Guam,GUM,1990,100
Guatemala,GTM,1994,71
Guatemala,GTM,2000,76.3
Guatemala,GTM,2002,78
Guatemala,GTM,2006,84.8
Guatemala,GTM,2012,92
Guatemala,GTM,2013,90
Guatemala,GTM,2014,91.9
Guatemala,GTM,2015,93.61574
Guatemala,GTM,2018,94
Guatemala,GTM,2022,94.21057
Guatemala,GTM,2023,96.7
Guinea,GIN,1996,13
Guinea,GIN,2003,34
Guinea,GIN,2005,24.12
Guinea,GIN,2010,22
Guinea,GIN,2012,37.24
Guinea,GIN,2014,37
Guinea,GIN,2016,46.62764
Guinea,GIN,2018,43
Guinea-Bissau,GNB,1979,18
Guinea-Bissau,GNB,2000,46
Guinea-Bissau,GNB,2006,35.78
Guinea-Bissau,GNB,2014,100
Guinea-Bissau,GNB,2019,68.58931
Guinea-Bissau,GNB,2022,78.26567
Guyana,GUY,2006,100
Guyana,GUY,2009,95.91
Guyana,GUY,2014,100
Guyana,GUY,2020,99.02955
Haiti,HTI,1982,51
Haiti,HTI,2003,81
Haiti,HTI,2012,84.3
Haiti,HTI,2017,89.32992
High-income countries,,2004,98.70911
High-income countries,,2005,98.75847
High-income countries,,2020,99.28018
High-income countries,,2021,99.30231
Honduras,HND,2001,92.7
Honduras,HND,2004,91.5
Honduras,HND,2005,93.6
Honduras,HND,2007,95
Honduras,HND,2009,95.2
Honduras,HND,2010,95.9
Honduras,HND,2011,96.9
Honduras,HND,2012,96
Honduras,HND,2013,96.3
Honduras,HND,2014,96.3
Honduras,HND,2015,97
Honduras,HND,2016,97.2
Honduras,HND,2018,98.2
Honduras,HND,2019,97.3
Honduras,HND,2023,96.5
Hungary,HUN,1980,99
India,IND,1981,40
India,IND,1991,49
India,IND,2001,68
India,IND,2006,74
India,IND,2011,82
India,IND,2016,86.73757
India,IND,2020,90.95
India,IND,2022,96
India,IND,2023,96
Indonesia,IDN,1980,82
Indonesia,IDN,1990,95
Indonesia,IDN,2004,99
Indonesia,IDN,2006,96
Indonesia,IDN,2008,99
Indonesia,IDN,2009,99
Indonesia,IDN,2011,99
Indonesia,IDN,2014,100
Indonesia,IDN,2015,100
Indonesia,IDN,2016,100
Indonesia,IDN,2017,99.29
Indonesia,IDN,2018,100
Indonesia,IDN,2020,100
Indonesia,IDN,2022,94.72
Iran,IRN,1976,42
Iran,IRN,1986,66
Iran,IRN,1991,81
Iran,IRN,1996,91
Iran,IRN,2005,97
Iran,IRN,2006,96
Iran,IRN,2008,97
Iran,IRN,2012,98
Iran,IRN,2013,97
Iran,IRN,2014,98
Iran,IRN,2016,98
Iraq,IRQ,2000,80
Iraq,IRQ,2006,72.85
Iraq,IRQ,2011,71.93
Iraq,IRQ,2012,79
Iraq,IRQ,2014,86
Iraq,IRQ,2016,88
Iraq,IRQ,2017,92
Iraq,IRQ,2018,87.38115
Israel,ISR,1983,98
Italy,ITA,1981,100
Italy,ITA,2001,100
Italy,ITA,2011,100
Italy,ITA,2019,100
Jamaica,JAM,1999,96
Jamaica,JAM,2005,99.77
Jamaica,JAM,2011,99.72
Jamaica,JAM,2022,99.29619
Jordan,JOR,1979,85
Jordan,JOR,2003,99
Jordan,JOR,2005,99
Jordan,JOR,2007,99
Jordan,JOR,2010,99
Jordan,JOR,2011,99
Jordan,JOR,2012,99
Jordan,JOR,2018,95.90284
Jordan,JOR,2023,99
Kazakhstan,KAZ,1989,99
Kazakhstan,KAZ,1999,100
Kazakhstan,KAZ,2006,100
Kazakhstan,KAZ,2009,100
Kazakhstan,KAZ,2015,100
Kenya,KEN,2000,92
Kenya,KEN,2014,92.31
Kenya,KEN,2022,95.28072
Kiribati,KIR,2018,98.50159
Kuwait,KWT,1975,66
Kuwait,KWT,1980,76
Kuwait,KWT,1985,84
Kuwait,KWT,1995,90
Kuwait,KWT,2005,100
Kuwait,KWT,2006,98
Kuwait,KWT,2007,99
Kuwait,KWT,2008,99
Kuwait,KWT,2010,99
Kuwait,KWT,2012,99
Kuwait,KWT,2013,99
Kuwait,KWT,2015,99
Kuwait,KWT,2017,99
Kuwait,KWT,2018,100
Kuwait,KWT,2020,100
Kyrgyzstan,KGZ,1999,100
Kyrgyzstan,KGZ,2009,100
Kyrgyzstan,KGZ,2014,99.79
Laos,LAO,1995,64
Laos,LAO,2000,74
Laos,LAO,2001,75
Laos,LAO,2005,79
Laos,LAO,2006,67.08
Laos,LAO,2015,91
Laos,LAO,2017,84.4665
Latin America & Caribbean (WB),,1974,86.80742
Latin America & Caribbean (WB),,1975,86.82453
Latin America & Caribbean (WB),,1976,87.22708
Latin America & Caribbean (WB),,1977,87.67547
Latin America & Caribbean (WB),,1978,88.15921
Latin America & Caribbean (WB),,1979,88.52984
Latin America & Caribbean (WB),,1980,88.78442
Latin America & Caribbean (WB),,1981,89.15248
Latin America & Caribbean (WB),,1982,89.50078
Latin America & Caribbean (WB),,1983,89.84306
Latin America & Caribbean (WB),,1984,90.18232
Latin America & Caribbean (WB),,1985,90.52011
Latin America & Caribbean (WB),,1986,90.81932
Latin America & Caribbean (WB),,1987,90.99998
Latin America & Caribbean (WB),,1988,91.37462
Latin America & Caribbean (WB),,1989,91.8275
Latin America & Caribbean (WB),,1990,92.22177
Latin America & Caribbean (WB),,1991,92.7117
Latin America & Caribbean (WB),,1992,93.19154
Latin America & Caribbean (WB),,1993,93.63161
Latin America & Caribbean (WB),,1994,94.06351
Latin America & Caribbean (WB),,1995,94.48672
Latin America & Caribbean (WB),,1996,94.78791
Latin America & Caribbean (WB),,1997,94.84745
Latin America & Caribbean (WB),,1998,95.06855
Latin America & Caribbean (WB),,1999,95.3088
Latin America & Caribbean (WB),,2000,95.52891
Latin America & Caribbean (WB),,2001,95.67047
Latin America & Caribbean (WB),,2002,96.00816
Latin America & Caribbean (WB),,2003,96.6719
Latin America & Caribbean (WB),,2004,96.85742
Latin America & Caribbean (WB),,2005,97.04138
Latin America & Caribbean (WB),,2006,97.0112
Latin America & Caribbean (WB),,2007,97.20545
Latin America & Caribbean (WB),,2008,97.37636
Latin America & Caribbean (WB),,2009,97.56849
Latin America & Caribbean (WB),,2010,97.63176
Latin America & Caribbean (WB),,2011,98.0236
Latin America & Caribbean (WB),,2012,98.15077
Latin America & Caribbean (WB),,2013,98.11869
Latin America & Caribbean (WB),,2014,98.40585
Latin America & Caribbean (WB),,2015,98.47674
Latin America & Caribbean (WB),,2016,98.59893
Latin America & Caribbean (WB),,2017,98.55822
Latin America & Caribbean (WB),,2018,98.63194
Latin America & Caribbean (WB),,2019,98.67044
Latin America & Caribbean (WB),,2020,98.66679
Latin America & Caribbean (WB),,2021,98.72587
Latin America & Caribbean (WB),,2022,98.77126
Latin America & Caribbean (WB),,2023,98.80875
Latin America and the Caribbean (SDG),,1974,86.8078
Latin America and the Caribbean (SDG),,1975,86.82491
Latin America and the Caribbean (SDG),,1976,87.22744
Latin America and the Caribbean (SDG),,1977,87.67581
Latin America and the Caribbean (SDG),,1978,88.15953
Latin America and the Caribbean (SDG),,1979,88.53014
Latin America and the Caribbean (SDG),,1980,88.78471
Latin America and the Caribbean (SDG),,1981,89.15275
Latin America and the Caribbean (SDG),,1982,89.50103
Latin America and the Caribbean (SDG),,1983,89.84329
Latin America and the Caribbean (SDG),,1984,90.18253
Latin America and the Caribbean (SDG),,1985,90.52032
Latin America and the Caribbean (SDG),,1986,90.81951
Latin America and the Caribbean (SDG),,1987,91.00017
Latin America and the Caribbean (SDG),,1988,91.3748
Latin America and the Caribbean (SDG),,1989,91.82766
Latin America and the Caribbean (SDG),,1990,92.22191
Latin America and the Caribbean (SDG),,1991,92.71183
Latin America and the Caribbean (SDG),,1992,93.19165
Latin America and the Caribbean (SDG),,1993,93.63171
Latin America and the Caribbean (SDG),,1994,94.06359
Latin America and the Caribbean (SDG),,1995,94.48679
Latin America and the Caribbean (SDG),,1996,94.78797
Latin America and the Caribbean (SDG),,1997,94.84751
Latin America and the Caribbean (SDG),,1998,95.06861
Latin America and the Caribbean (SDG),,1999,95.30886
Latin America and the Caribbean (SDG),,2000,95.52896
Latin America and the Caribbean (SDG),,2001,95.67052
Latin America and the Caribbean (SDG),,2002,96.00821
Latin America and the Caribbean (SDG),,2003,96.67193
Latin America and the Caribbean (SDG),,2004,96.85745
Latin America and the Caribbean (SDG),,2005,97.04141
Latin America and the Caribbean (SDG),,2006,97.01123
Latin America and the Caribbean (SDG),,2007,97.20547
Latin America and the Caribbean (SDG),,2008,97.37639
Latin America and the Caribbean (SDG),,2009,97.56851
Latin America and the Caribbean (SDG),,2010,97.63178
Latin America and the Caribbean (SDG),,2011,98.02361
Latin America and the Caribbean (SDG),,2012,98.15077
Latin America and the Caribbean (SDG),,2013,98.11869
Latin America and the Caribbean (SDG),,2014,98.40585
Latin America and the Caribbean (SDG),,2015,98.47674
Latin America and the Caribbean (SDG),,2016,98.59892
Latin America and the Caribbean (SDG),,2017,98.55821
Latin America and the Caribbean (SDG),,2018,98.63194
Latin America and the Caribbean (SDG),,2019,98.67043
Latin America and the Caribbean (SDG),,2020,98.66678
Latin America and the Caribbean (SDG),,2021,98.72585
Latin America and the Caribbean (SDG),,2022,98.77125
Latin America and the Caribbean (SDG),,2023,98.80874
Latvia,LVA,1989,100
Latvia,LVA,2000,100
Latvia,LVA,2011,100
Lebanon,LBN,2007,99
Lebanon,LBN,2009,99
Lebanon,LBN,2018,96
Lesotho,LSO,2000,97
Lesotho,LSO,2006,85
Lesotho,LSO,2009,94.25
Lesotho,LSO,2014,96.52
Lesotho,LSO,2016,100
Lesotho,LSO,2018,98.26914
Liberia,LBR,1984,34
Liberia,LBR,2007,51.49
Liberia,LBR,2013,63.2
Libya,LBY,1984,80
Lithuania,LTU,1989,100
Lithuania,LTU,2001,100
Lithuania,LTU,2011,100
Low-income countries,,1988,48.29523
Low-income countries,,1989,48.77668
Low-income countries,,1990,49.3418
Low-income countries,,1991,49.06629
Low-income countries,,1992,48.62732
Low-income countries,,1993,48.67551
Low-income countries,,1994,48.86828
Low-income countries,,1995,49.07685
Low-income countries,,1996,49.51929
Low-income countries,,1997,50.22734
Low-income countries,,1998,50.86919
Low-income countries,,1999,51.3748
Low-income countries,,2000,52.02636
Low-income countries,,2001,52.93063
Low-income countries,,2002,53.16253
Low-income countries,,2003,53.98688
Low-income countries,,2004,54.67853
Low-income countries,,2005,55.26611
Low-income countries,,2006,53.09764
Low-income countries,,2007,55.32036
Low-income countries,,2008,56.8147
Low-income countries,,2009,57.81614
Low-income countries,,2010,59.04808
Low-income countries,,2011,62.78945
Low-income countries,,2012,63.71834
Low-income countries,,2013,65.1674
Low-income countries,,2014,65.83823
Low-income countries,,2015,67.00946
Low-income countries,,2016,68.24464
Low-income countries,,2017,69.65888
Low-income countries,,2018,69.14331
Low-income countries,,2019,69.56879
Low-income countries,,2020,69.91852
Low-income countries,,2021,70.70328
Low-income countries,,2022,71.45326
Low-income countries,,2023,72.08086
Lower-middle-income countries,,1975,44.69813
Lower-middle-income countries,,1976,44.85917
Lower-middle-income countries,,1977,45.75351
Lower-middle-income countries,,1978,46.65274
Lower-middle-income countries,,1979,47.51585
Lower-middle-income countries,,1980,48.29649
Lower-middle-income countries,,1981,49.00895
Lower-middle-income countries,,1982,49.84318
Lower-middle-income countries,,1983,50.57199
Lower-middle-income countries,,1984,51.51703
Lower-middle-income countries,,1985,52.47755
Lower-middle-income countries,,1986,53.3461
Lower-middle-income countries,,1987,54.44793
Lower-middle-income countries,,1988,53.26776
Lower-middle-income countries,,1989,54.62419
Lower-middle-income countries,,1990,55.96173
Lower-middle-income countries,,1991,57.30085
Lower-middle-income countries,,1992,58.55427
Lower-middle-income countries,,1993,59.53925
Lower-middle-income countries,,1994,60.99908
Lower-middle-income countries,,1995,62.32745
Lower-middle-income countries,,1996,63.6672
Lower-middle-income countries,,1997,64.86258
Lower-middle-income countries,,1998,66.68379
Lower-middle-income countries,,1999,68.19439
Lower-middle-income countries,,2000,68.52399
Lower-middle-income countries,,2001,69.86881
Lower-middle-income countries,,2002,71.17077
Lower-middle-income countries,,2003,72.1694
Lower-middle-income countries,,2004,73.45158
Lower-middle-income countries,,2005,73.48987
Lower-middle-income countries,,2006,74.40537
Lower-middle-income countries,,2007,75.41736
Lower-middle-income countries,,2008,76.5123
Lower-middle-income countries,,2009,77.57317
Lower-middle-income countries,,2010,78.85166
Lower-middle-income countries,,2011,79.65332
Lower-middle-income countries,,2012,80.83657
Lower-middle-income countries,,2013,82.33047
Lower-middle-income countries,,2014,83.46157
Lower-middle-income countries,,2015,84.5999
Lower-middle-income countries,,2016,85.41834
Lower-middle-income countries,,2017,85.98297
Lower-middle-income countries,,2018,86.56847
Lower-middle-income countries,,2019,88.42201
Lower-middle-income countries,,2020,88.91847
Lower-middle-income countries,,2021,89.37158
Lower-middle-income countries,,2022,89.82658
Lower-middle-income countries,,2023,90.20733
Macao,MAC,1981,94
Macao,MAC,2001,100
Macao,MAC,2006,100
Macao,MAC,2011,100
Macao,MAC,2016,100
Madagascar,MDG,2000,68
Madagascar,MDG,2005,56
Madagascar,MDG,2012,75
Madagascar,MDG,2018,79
Madagascar,MDG,2021,82.23735
Malawi,MWI,1987,49
Malawi,MWI,1998,71
Malawi,MWI,2006,72.23
Malawi,MWI,2014,75.73
Malawi,MWI,2020,80.14176
Malaysia,MYS,1980,87
Malaysia,MYS,1991,95
Malaysia,MYS,2000,97
Malaysia,MYS,2010,98
Malaysia,MYS,2016,98
Malaysia,MYS,2017,97
Malaysia,MYS,2018,97
Malaysia,MYS,2019,97
Malaysia,MYS,2022,98
Maldives,MDV,1977,87
Maldives,MDV,1985,96
Maldives,MDV,1990,98
Maldives,MDV,1995,98
Maldives,MDV,2000,98
Maldives,MDV,2006,99
Maldives,MDV,2014,99
Maldives,MDV,2016,99
Maldives,MDV,2017,99.67299
Maldives,MDV,2019,98.86908
Mali,MLI,1976,13
Mali,MLI,1998,17
Mali,MLI,2006,31
Mali,MLI,2010,34
Mali,MLI,2011,30
Mali,MLI,2015,39
Mali,MLI,2018,43
Mali,MLI,2020,60.92
Malta,MLT,1985,99
Malta,MLT,1995,98
Malta,MLT,2005,99
Malta,MLT,2011,99
Marshall Islands,MHL,2011,99
Martinique,MTQ,1982,99
Mauritania,MRT,2000,55
Mauritania,MRT,2007,47.94
Mauritania,MRT,2011,57.65
Mauritania,MRT,2013,68
Mauritania,MRT,2015,75.69968
Mauritania,MRT,2020,66.98027
Mauritius,MUS,1990,92
Mauritius,MUS,2000,95
Mauritius,MUS,2011,99
Mexico,MEX,1980,91
Mexico,MEX,1990,95
Mexico,MEX,2000,97.4
Mexico,MEX,2002,97.2
Mexico,MEX,2004,97.5
Mexico,MEX,2005,98
Mexico,MEX,2006,97.7
Mexico,MEX,2007,98
Mexico,MEX,2008,98.3
Mexico,MEX,2009,98
Mexico,MEX,2010,98.6
Mexico,MEX,2011,99
Mexico,MEX,2012,98.9
Mexico,MEX,2013,99
Mexico,MEX,2014,98.9
Mexico,MEX,2015,99
Mexico,MEX,2016,98.7
Mexico,MEX,2017,99
Mexico,MEX,2018,98.8
Mexico,MEX,2020,99.1
Mexico,MEX,2022,99.2
Middle East & North Africa (WB),,1973,45.19602
Middle East & North Africa (WB),,1974,45.98756
Middle East & North Africa (WB),,1975,46.88597
Middle East & North Africa (WB),,1976,47.76801
Middle East & North Africa (WB),,1977,48.96568
Middle East & North Africa (WB),,1978,50.09046
Middle East & North Africa (WB),,1979,51.0531
Middle East & North Africa (WB),,1980,52.32631
Middle East & North Africa (WB),,1981,53.62577
Middle East & North Africa (WB),,1982,54.97385
Middle East & North Africa (WB),,1983,56.12951
Middle East & North Africa (WB),,1984,57.94698
Middle East & North Africa (WB),,1985,59.71946
Middle East & North Africa (WB),,1986,61.40514
Middle East & North Africa (WB),,1987,62.99917
Middle East & North Africa (WB),,1988,64.58158
Middle East & North Africa (WB),,1989,66.1068
Middle East & North Africa (WB),,1990,68.98918
Middle East & North Africa (WB),,1991,70.65865
Middle East & North Africa (WB),,1992,72.12407
Middle East & North Africa (WB),,1993,71.6707
Middle East & North Africa (WB),,1994,72.96099
Middle East & North Africa (WB),,1995,74.85748
Middle East & North Africa (WB),,1996,76.20496
Middle East & North Africa (WB),,1997,77.50701
Middle East & North Africa (WB),,1998,78.6955
Middle East & North Africa (WB),,1999,79.90238
Middle East & North Africa (WB),,2000,80.99898
Middle East & North Africa (WB),,2001,82.14067
Middle East & North Africa (WB),,2002,83.16963
Middle East & North Africa (WB),,2003,83.72966
Middle East & North Africa (WB),,2004,84.65085
Middle East & North Africa (WB),,2005,85.25057
Middle East & North Africa (WB),,2006,86.09961
Middle East & North Africa (WB),,2007,86.97756
Middle East & North Africa (WB),,2008,88.15434
Middle East & North Africa (WB),,2009,85.37437
Middle East & North Africa (WB),,2010,85.75135
Middle East & North Africa (WB),,2011,85.80755
Middle East & North Africa (WB),,2012,86.87201
Middle East & North Africa (WB),,2013,87.79656
Middle East & North Africa (WB),,2014,88.02022
Middle East & North Africa (WB),,2015,88.29764
Middle East & North Africa (WB),,2016,86.80402
Middle East & North Africa (WB),,2017,87.18054
Middle East & North Africa (WB),,2018,87.47592
Middle East & North Africa (WB),,2019,87.80644
Middle East & North Africa (WB),,2020,88.12337
Middle East & North Africa (WB),,2021,88.45477
Middle East & North Africa (WB),,2022,88.69928
Middle East & North Africa (WB),,2023,88.89105
Middle-income countries,,1975,64.32716
Middle-income countries,,1976,64.42027
Middle-income countries,,1977,64.81827
Middle-income countries,,1978,66.03637
Middle-income countries,,1979,67.3713
Middle-income countries,,1980,68.57013
Middle-income countries,,1981,69.6319
Middle-income countries,,1982,70.60695
Middle-income countries,,1983,71.48394
Middle-income countries,,1984,72.54979
Middle-income countries,,1985,73.49409
Middle-income countries,,1986,74.37282
Middle-income countries,,1987,75.5204
Middle-income countries,,1988,75.99687
Middle-income countries,,1989,76.53754
Middle-income countries,,1990,77.18838
Middle-income countries,,1991,77.76612
Middle-income countries,,1992,78.27636
Middle-income countries,,1993,78.67757
Middle-income countries,,1994,79.23101
Middle-income countries,,1995,79.80355
Middle-income countries,,1996,80.34395
Middle-income countries,,1997,81.90885
Middle-income countries,,1998,82.65903
Middle-income countries,,1999,83.27791
Middle-income countries,,2000,83.34249
Middle-income countries,,2001,83.98695
Middle-income countries,,2002,84.67358
Middle-income countries,,2003,85.30474
Middle-income countries,,2004,85.99099
Middle-income countries,,2005,86.04476
Middle-income countries,,2006,86.39862
Middle-income countries,,2007,86.94045
Middle-income countries,,2008,87.56419
Middle-income countries,,2009,87.81871
Middle-income countries,,2010,88.37341
Middle-income countries,,2011,88.65865
Middle-income countries,,2012,89.15755
Middle-income countries,,2013,89.80436
Middle-income countries,,2014,90.32415
Middle-income countries,,2015,90.80292
Middle-income countries,,2016,91.14309
Middle-income countries,,2017,91.32096
Middle-income countries,,2018,91.5865
Middle-income countries,,2019,92.6448
Middle-income countries,,2020,92.89353
Middle-income countries,,2021,93.1186
Middle-income countries,,2022,93.37184
Middle-income countries,,2023,93.56737
Moldova,MDA,1989,100
Moldova,MDA,2000,100
Moldova,MDA,2005,99.95
Moldova,MDA,2012,99.84
Moldova,MDA,2014,100
Mongolia,MNG,2000,98
Mongolia,MNG,2010,99
Mongolia,MNG,2018,99.42351
Mongolia,MNG,2020,99
Mongolia,MNG,2022,99.77098
Montenegro,MNE,1981,98
Montenegro,MNE,1991,99
Montenegro,MNE,2003,99
Montenegro,MNE,2005,99.21
Montenegro,MNE,2011,99
Montenegro,MNE,2013,99.76
Montenegro,MNE,2018,98.95459
Morocco,MAR,1982,31
Morocco,MAR,1994,46
Morocco,MAR,2004,60
Morocco,MAR,2008,70
Morocco,MAR,2009,72
Morocco,MAR,2011,74
Morocco,MAR,2012,88
Mozambique,MOZ,1980,25
Mozambique,MOZ,1997,37
Mozambique,MOZ,2003,50
Mozambique,MOZ,2008,39.45
Mozambique,MOZ,2009,57
Mozambique,MOZ,2015,63
Mozambique,MOZ,2017,65
Mozambique,MOZ,2020,65
Myanmar,MMR,1983,81
Myanmar,MMR,2000,93
Myanmar,MMR,2014,94
Myanmar,MMR,2016,89.64611
Myanmar,MMR,2019,96
Namibia,NAM,1991,90
Namibia,NAM,2000,90.65
Namibia,NAM,2001,94
Namibia,NAM,2007,93.54
Namibia,NAM,2011,95
Namibia,NAM,2013,96.09
Nepal,NPL,1981,15
Nepal,NPL,1991,33
Nepal,NPL,2001,60
Nepal,NPL,2006,75.51
Nepal,NPL,2011,80
Nepal,NPL,2016,84.58498
Nepal,NPL,2019,92.07302
Nepal,NPL,2022,89.2
New Caledonia,NCL,1976,98
New Caledonia,NCL,1989,99
New Caledonia,NCL,1996,99
Nicaragua,NIC,2001,89.4
Nicaragua,NIC,2005,92.7
Nicaragua,NIC,2009,94.8
Nicaragua,NIC,2014,96.6
Niger,NER,2001,14
Niger,NER,2005,23
Niger,NER,2006,11.17
Niger,NER,2012,32
Niger,NER,2018,36.36699
Niger,NER,2022,44.7403
Nigeria,NGA,1991,62
Nigeria,NGA,2003,61
Nigeria,NGA,2006,75
Nigeria,NGA,2007,70.18
Nigeria,NGA,2008,51.6
Nigeria,NGA,2011,79.84
Nigeria,NGA,2013,70.75
Nigeria,NGA,2016,67.12351
Nigeria,NGA,2018,60.39587
Nigeria,NGA,2021,69.04957
North America (WB),,2003,99.54726
North America (WB),,2004,99.54986
North America (WB),,2005,99.55087
North America (WB),,2006,99.55211
North America (WB),,2007,99.55438
North America (WB),,2008,99.55452
North America (WB),,2017,99.56526
North America (WB),,2018,99.56524
North America (WB),,2019,99.56584
North America (WB),,2020,99.56623
North America (WB),,2021,99.56689
North America (WB),,2022,99.567
North Korea,PRK,2008,100
North Macedonia,MKD,1994,99
North Macedonia,MKD,2002,98
North Macedonia,MKD,2005,98.69
North Macedonia,MKD,2011,99.36
North Macedonia,MKD,2018,98.74764
Northern Africa and Western Asia (SDG),,1976,58.44754
Northern Africa and Western Asia (SDG),,1977,59.38309
Northern Africa and Western Asia (SDG),,1978,60.23682
Northern Africa and Western Asia (SDG),,1979,60.79308
Northern Africa and Western Asia (SDG),,1980,61.67044
Northern Africa and Western Asia (SDG),,1981,62.55823
Northern Africa and Western Asia (SDG),,1982,63.47431
Northern Africa and Western Asia (SDG),,1983,63.92203
Northern Africa and Western Asia (SDG),,1984,66.18115
Northern Africa and Western Asia (SDG),,1985,67.27975
Northern Africa and Western Asia (SDG),,1986,68.36292
Northern Africa and Western Asia (SDG),,1987,69.39275
Northern Africa and Western Asia (SDG),,1988,70.46206
Northern Africa and Western Asia (SDG),,1989,71.21717
Northern Africa and Western Asia (SDG),,1990,72.29262
Northern Africa and Western Asia (SDG),,1991,73.40488
Northern Africa and Western Asia (SDG),,1992,74.42594
Northern Africa and Western Asia (SDG),,1993,73.79197
Northern Africa and Western Asia (SDG),,1994,74.7156
Northern Africa and Western Asia (SDG),,1995,75.68437
Northern Africa and Western Asia (SDG),,1996,76.75329
Northern Africa and Western Asia (SDG),,1997,77.78434
Northern Africa and Western Asia (SDG),,1998,78.69692
Northern Africa and Western Asia (SDG),,1999,79.65437
Northern Africa and Western Asia (SDG),,2000,80.47546
Northern Africa and Western Asia (SDG),,2001,81.42355
Northern Africa and Western Asia (SDG),,2002,82.30246
Northern Africa and Western Asia (SDG),,2003,82.6261
Northern Africa and Western Asia (SDG),,2004,83.45652
Northern Africa and Western Asia (SDG),,2005,84.12263
Northern Africa and Western Asia (SDG),,2006,83.61319
Northern Africa and Western Asia (SDG),,2007,84.49342
Northern Africa and Western Asia (SDG),,2008,85.2762
Northern Africa and Western Asia (SDG),,2009,83.06166
Northern Africa and Western Asia (SDG),,2010,83.64832
Northern Africa and Western Asia (SDG),,2011,84.23535
Northern Africa and Western Asia (SDG),,2012,85.4149
Northern Africa and Western Asia (SDG),,2013,86.49718
Northern Africa and Western Asia (SDG),,2014,86.83956
Northern Africa and Western Asia (SDG),,2015,87.19533
Northern Africa and Western Asia (SDG),,2016,86.01057
Northern Africa and Western Asia (SDG),,2017,86.46706
Northern Africa and Western Asia (SDG),,2018,86.80387
Northern Africa and Western Asia (SDG),,2019,87.07572
Northern Africa and Western Asia (SDG),,2020,87.32796
Northern Africa and Western Asia (SDG),,2021,87.58399
Northern Africa and Western Asia (SDG),,2022,87.76496
Northern Africa and Western Asia (SDG),,2023,87.87527
Oceania (excluding Australia and New Zealand) (SDG),,1994,69.92531
Oceania (excluding Australia and New Zealand) (SDG),,1995,69.80773
Oceania (excluding Australia and New Zealand) (SDG),,1996,70.52277
Oceania (excluding Australia and New Zealand) (SDG),,1997,71.17595
Oceania (excluding Australia and New Zealand) (SDG),,1998,71.75108
Oceania (excluding Australia and New Zealand) (SDG),,1999,72.01319
Oceania (excluding Australia and New Zealand) (SDG),,2000,71.95756
Oceania (excluding Australia and New Zealand) (SDG),,2001,72.38272
Oceania (excluding Australia and New Zealand) (SDG),,2002,72.7736
Oceania (excluding Australia and New Zealand) (SDG),,2003,73.14567
Oceania (excluding Australia and New Zealand) (SDG),,2004,73.54148
Oceania (excluding Australia and New Zealand) (SDG),,2005,73.94499
Oceania (excluding Australia and New Zealand) (SDG),,2006,74.27674
Oceania (excluding Australia and New Zealand) (SDG),,2007,74.65142
Oceania (excluding Australia and New Zealand) (SDG),,2008,75.06341
Oceania (excluding Australia and New Zealand) (SDG),,2009,75.7507
Oceania (excluding Australia and New Zealand) (SDG),,2010,76.70676
Oceania (excluding Australia and New Zealand) (SDG),,2011,76.65435
Oceania (excluding Australia and New Zealand) (SDG),,2012,76.61355
Oceania (excluding Australia and New Zealand) (SDG),,2013,76.57255
Oceania (excluding Australia and New Zealand) (SDG),,2014,76.51877
Oceania (excluding Australia and New Zealand) (SDG),,2016,76.40004
Oceania (excluding Australia and New Zealand) (SDG),,2017,76.33891
Oceania (excluding Australia and New Zealand) (SDG),,2018,76.28157
Oceania (excluding Australia and New Zealand) (SDG),,2019,76.2324
Oceania (excluding Australia and New Zealand) (SDG),,2020,76.19174
Oceania (excluding Australia and New Zealand) (SDG),,2021,76.17388
Oman,OMN,2003,85
Oman,OMN,2008,98
Oman,OMN,2010,98
Oman,OMN,2015,99
Oman,OMN,2017,99
Oman,OMN,2018,99
Oman,OMN,2020,100
Oman,OMN,2022,100
Pakistan,PAK,1981,24
Pakistan,PAK,1998,43
Pakistan,PAK,2005,53
Pakistan,PAK,2006,58
Pakistan,PAK,2007,57
Pakistan,PAK,2008,61
Pakistan,PAK,2009,61
Pakistan,PAK,2010,62
Pakistan,PAK,2011,63
Pakistan,PAK,2012,64
Pakistan,PAK,2013,63
Pakistan,PAK,2014,66
Pakistan,PAK,2017,68
Pakistan,PAK,2018,64
Pakistan,PAK,2019,65
Pakistan,PAK,2021,66.52292
Palau,PLW,1980,94
Palau,PLW,2013,100
Palau,PLW,2015,99
Palestine,PSE,1997,97
Palestine,PSE,2004,99
Palestine,PSE,2006,99
Palestine,PSE,2007,99
Palestine,PSE,2008,99
Palestine,PSE,2009,99
Palestine,PSE,2010,99
Palestine,PSE,2011,99
Palestine,PSE,2012,99
Palestine,PSE,2013,99
Palestine,PSE,2014,99
Palestine,PSE,2015,99
Palestine,PSE,2016,99
Palestine,PSE,2017,99
Palestine,PSE,2018,99
Palestine,PSE,2019,99
Palestine,PSE,2020,99
Palestine,PSE,2022,99
Panama,PAN,1980,96
Panama,PAN,1990,95
Panama,PAN,2000,96
Panama,PAN,2010,97
Panama,PAN,2014,97.6
Panama,PAN,2015,98.1
Panama,PAN,2016,98.4
Panama,PAN,2017,98.8
Panama,PAN,2018,98.9
Panama,PAN,2019,98.9
Panama,PAN,2021,99.2
Panama,PAN,2022,99.3
Panama,PAN,2023,98.9
Papua New Guinea,PNG,2000,64
Papua New Guinea,PNG,2017,78.08662
Paraguay,PRY,1982,89
Paraguay,PRY,1992,95
Paraguay,PRY,2001,95.6
Paraguay,PRY,2002,97.3
Paraguay,PRY,2003,97.5
Paraguay,PRY,2004,97.2
Paraguay,PRY,2005,98.1
Paraguay,PRY,2006,97.9
Paraguay,PRY,2007,98.8
Paraguay,PRY,2008,98.2
Paraguay,PRY,2009,99
Paraguay,PRY,2010,98.6
Paraguay,PRY,2011,98.7
Paraguay,PRY,2012,98.1
Paraguay,PRY,2013,99.2
Paraguay,PRY,2014,98.5
Paraguay,PRY,2015,99
Paraguay,PRY,2016,98.7
Paraguay,PRY,2017,98.9
Paraguay,PRY,2018,98.9
Paraguay,PRY,2019,98.7
Paraguay,PRY,2020,98.7
Paraguay,PRY,2021,99.2
Paraguay,PRY,2022,98.8
Paraguay,PRY,2023,99
Peru,PER,1981,90
Peru,PER,1993,94
Peru,PER,2000,96.1
Peru,PER,2001,96.1
Peru,PER,2002,95.9
Peru,PER,2003,96
Peru,PER,2004,96.3
Peru,PER,2005,96.8
Peru,PER,2006,97.3
Peru,PER,2007,97
Peru,PER,2008,97.5
Peru,PER,2009,97.9
Peru,PER,2010,98
Peru,PER,2011,98.3
Peru,PER,2012,98.7
Peru,PER,2013,98.9
Peru,PER,2014,98.8
Peru,PER,2015,98.8
Peru,PER,2016,98.8
Peru,PER,2017,98.9
Peru,PER,2018,99
Peru,PER,2019,99.1
Peru,PER,2020,99.4
Peru,PER,2021,99.2
Peru,PER,2022,99.3
Peru,PER,2023,99.4
Philippines,PHL,1980,92
Philippines,PHL,1990,97
Philippines,PHL,1994,96
Philippines,PHL,2000,96
Philippines,PHL,2003,97
Philippines,PHL,2008,98
Philippines,PHL,2013,99
Philippines,PHL,2015,99
Philippines,PHL,2017,100
Philippines,PHL,2019,99
Philippines,PHL,2020,99
Philippines,PHL,2022,99.51506
Poland,POL,1978,100
Portugal,PRT,1981,98
Portugal,PRT,1991,99
Portugal,PRT,2011,99
Puerto Rico,PRI,1980,94
Puerto Rico,PRI,1990,94
Puerto Rico,PRI,2010,99
Puerto Rico,PRI,2017,92
Qatar,QAT,1986,91
Qatar,QAT,1997,96
Qatar,QAT,2004,98
Qatar,QAT,2007,99
Qatar,QAT,2008,97
Qatar,QAT,2009,98
Qatar,QAT,2010,98
Qatar,QAT,2011,99
Qatar,QAT,2012,100
Qatar,QAT,2013,99
Qatar,QAT,2014,100
Reunion,REU,1982,98
Romania,ROU,1992,99
Romania,ROU,2002,98
Romania,ROU,2011,99
Romania,ROU,2021,100
Russia,RUS,1989,100
Russia,RUS,2002,100
Russia,RUS,2010,100
Russia,RUS,2021,100
Rwanda,RWA,1978,45
Rwanda,RWA,2000,77
Rwanda,RWA,2005,68.21
Rwanda,RWA,2010,80.06
Rwanda,RWA,2012,83
Rwanda,RWA,2014,86
Rwanda,RWA,2015,89.17011
Rwanda,RWA,2018,89
Rwanda,RWA,2020,92.69652
Rwanda,RWA,2022,92
Saint Helena,SHN,1998,100
Saint Lucia,LCA,2012,99.96
Saint Pierre and Miquelon,SPM,1982,99
Saint Vincent and the Grenadines,VCT,1970,98
Samoa,WSM,1991,99
Samoa,WSM,2011,99
Samoa,WSM,2016,100
Samoa,WSM,2019,99.55731
San Marino,SMR,2022,100
Sao Tome and Principe,STP,1981,74
Sao Tome and Principe,STP,1991,92
Sao Tome and Principe,STP,2001,95
Sao Tome and Principe,STP,2012,96
Sao Tome and Principe,STP,2014,100
Sao Tome and Principe,STP,2019,95.07206
Saudi Arabia,SAU,1992,81
Saudi Arabia,SAU,2000,94
Saudi Arabia,SAU,2004,95
Saudi Arabia,SAU,2013,99
Saudi Arabia,SAU,2017,99
Saudi Arabia,SAU,2020,99
Senegal,SEN,1988,28
Senegal,SEN,2002,41
Senegal,SEN,2005,34.01
Senegal,SEN,2006,45
Senegal,SEN,2009,55
Senegal,SEN,2011,59
Senegal,SEN,2013,51
Senegal,SEN,2014,51.06
Senegal,SEN,2015,56.87536
Senegal,SEN,2016,59.88586
Senegal,SEN,2017,64
Senegal,SEN,2018,65.68582
Senegal,SEN,2019,64.02553
Senegal,SEN,2023,65.59709
Serbia,SRB,2003,99
Serbia,SRB,2005,99.63
Serbia,SRB,2011,99
Serbia,SRB,2014,99.83
Serbia,SRB,2016,100
Serbia,SRB,2019,100
Seychelles,SYC,1987,98
Seychelles,SYC,1994,99
Seychelles,SYC,2002,99
Seychelles,SYC,2010,99
Sierra Leone,SLE,2004,37
Sierra Leone,SLE,2005,37.15
Sierra Leone,SLE,2008,41.3
Sierra Leone,SLE,2010,49.46
Sierra Leone,SLE,2013,57.34
Sierra Leone,SLE,2017,68.66314
Sierra Leone,SLE,2019,67.86192
Singapore,SGP,1980,96
Singapore,SGP,1990,99
Singapore,SGP,2000,100
Singapore,SGP,2010,100
Singapore,SGP,2011,100
Singapore,SGP,2012,100
Singapore,SGP,2013,100
Singapore,SGP,2014,100
Singapore,SGP,2015,100
Singapore,SGP,2016,100
Singapore,SGP,2017,100
Singapore,SGP,2018,100
Singapore,SGP,2019,100
Singapore,SGP,2020,100
Singapore,SGP,2021,100
Slovenia,SVN,1991,100
Somalia,SOM,2006,23.79
Somalia,SOM,2022,65
South Africa,ZAF,1980,85
South Africa,ZAF,1996,94
South Africa,ZAF,2007,98
South Africa,ZAF,2009,99
South Africa,ZAF,2010,99
South Africa,ZAF,2011,99
South Africa,ZAF,2012,99
South Africa,ZAF,2014,99
South Africa,ZAF,2015,99
South Africa,ZAF,2016,97.71958
South Africa,ZAF,2017,97
South Africa,ZAF,2019,99
South Africa,ZAF,2021,97
South Asia (WB),,1975,32.74992
South Asia (WB),,1976,32.72811
South Asia (WB),,1977,33.80736
South Asia (WB),,1978,34.88634
South Asia (WB),,1979,35.96832
South Asia (WB),,1980,36.94905
South Asia (WB),,1981,37.82758
South Asia (WB),,1982,38.92459
South Asia (WB),,1983,40.01843
South Asia (WB),,1984,41.12846
South Asia (WB),,1985,42.23746
South Asia (WB),,1986,43.34882
South Asia (WB),,1987,44.40838
South Asia (WB),,1988,42.31399
South Asia (WB),,1989,44.00039
South Asia (WB),,1990,45.63503
South Asia (WB),,1991,47.24611
South Asia (WB),,1992,48.73938
South Asia (WB),,1993,50.23563
South Asia (WB),,1994,51.90192
South Asia (WB),,1995,53.54513
South Asia (WB),,1996,55.14931
South Asia (WB),,1997,56.55587
South Asia (WB),,1998,59.33065
South Asia (WB),,1999,61.19646
South Asia (WB),,2000,62.95541
South Asia (WB),,2001,64.61875
South Asia (WB),,2002,66.302
South Asia (WB),,2003,67.5551
South Asia (WB),,2004,69.19014
South Asia (WB),,2005,69.3995
South Asia (WB),,2006,70.5399
South Asia (WB),,2007,72.24752
South Asia (WB),,2008,73.95381
South Asia (WB),,2009,75.67667
South Asia (WB),,2010,77.2101
South Asia (WB),,2011,78.52292
South Asia (WB),,2012,79.44468
South Asia (WB),,2013,81.3398
South Asia (WB),,2014,82.62181
South Asia (WB),,2015,84.15232
South Asia (WB),,2016,85.64712
South Asia (WB),,2017,86.29461
South Asia (WB),,2018,86.08996
South Asia (WB),,2019,88.6587
South Asia (WB),,2020,89.36649
South Asia (WB),,2021,90.07337
South Asia (WB),,2022,90.81525
South Asia (WB),,2023,91.47357
South Korea,KOR,2008,100
South Sudan,SSD,2008,30
South Sudan,SSD,2010,24.87
Spain,ESP,1981,99
Spain,ESP,1991,100
Spain,ESP,2004,100
Spain,ESP,2005,100
Spain,ESP,2006,99
Spain,ESP,2007,100
Spain,ESP,2008,100
Spain,ESP,2009,100
Spain,ESP,2010,100
Spain,ESP,2011,100
Spain,ESP,2012,100
Spain,ESP,2013,100
Spain,ESP,2014,100
Spain,ESP,2015,100
Spain,ESP,2016,100
Spain,ESP,2018,100
Spain,ESP,2020,100
Spain,ESP,2021,100
Sri Lanka,LKA,1981,90
Sri Lanka,LKA,2001,96
Sri Lanka,LKA,2006,98
Sri Lanka,LKA,2008,99
Sri Lanka,LKA,2010,99
Sri Lanka,LKA,2016,99
Sri Lanka,LKA,2017,99
Sri Lanka,LKA,2018,99
Sri Lanka,LKA,2019,99
Sri Lanka,LKA,2020,99
Sri Lanka,LKA,2021,99
Sri Lanka,LKA,2022,99
Sri Lanka,LKA,2023,99
Sub-Saharan Africa (SDG),,1984,53.65901
Sub-Saharan Africa (SDG),,1985,54.50004
Sub-Saharan Africa (SDG),,1986,55.20773
Sub-Saharan Africa (SDG),,1987,56.15547
Sub-Saharan Africa (SDG),,1988,56.74593
Sub-Saharan Africa (SDG),,1989,57.48826
Sub-Saharan Africa (SDG),,1990,58.32958
Sub-Saharan Africa (SDG),,1991,58.80754
Sub-Saharan Africa (SDG),,1992,58.99608
Sub-Saharan Africa (SDG),,1993,59.63437
Sub-Saharan Africa (SDG),,1994,60.30622
Sub-Saharan Africa (SDG),,1995,60.54249
Sub-Saharan Africa (SDG),,1996,61.27053
Sub-Saharan Africa (SDG),,1997,62.15856
Sub-Saharan Africa (SDG),,1998,62.15919
Sub-Saharan Africa (SDG),,1999,62.95219
Sub-Saharan Africa (SDG),,2000,60.39209
Sub-Saharan Africa (SDG),,2001,61.33031
Sub-Saharan Africa (SDG),,2002,61.69737
Sub-Saharan Africa (SDG),,2003,62.31926
Sub-Saharan Africa (SDG),,2004,63.03124
Sub-Saharan Africa (SDG),,2005,62.67028
Sub-Saharan Africa (SDG),,2006,62.25977
Sub-Saharan Africa (SDG),,2007,62.46845
Sub-Saharan Africa (SDG),,2008,62.84819
Sub-Saharan Africa (SDG),,2009,63.27447
Sub-Saharan Africa (SDG),,2010,64.61997
Sub-Saharan Africa (SDG),,2011,67.16404
Sub-Saharan Africa (SDG),,2012,68.71044
Sub-Saharan Africa (SDG),,2013,69.77118
Sub-Saharan Africa (SDG),,2014,70.63868
Sub-Saharan Africa (SDG),,2015,71.49852
Sub-Saharan Africa (SDG),,2016,72.37485
Sub-Saharan Africa (SDG),,2017,73.19637
Sub-Saharan Africa (SDG),,2018,74.63522
Sub-Saharan Africa (SDG),,2019,74.99446
Sub-Saharan Africa (SDG),,2020,75.18506
Sub-Saharan Africa (SDG),,2021,75.56274
Sub-Saharan Africa (SDG),,2022,75.94742
Sub-Saharan Africa (SDG),,2023,76.2435
Sub-Saharan Africa (WB),,1985,54.93128
Sub-Saharan Africa (WB),,1986,55.59864
Sub-Saharan Africa (WB),,1987,56.50027
Sub-Saharan Africa (WB),,1988,57.05974
Sub-Saharan Africa (WB),,1989,57.76546
Sub-Saharan Africa (WB),,1990,58.56817
Sub-Saharan Africa (WB),,1991,59.02214
Sub-Saharan Africa (WB),,1992,59.19959
Sub-Saharan Africa (WB),,1993,59.81377
Sub-Saharan Africa (WB),,1994,60.45989
Sub-Saharan Africa (WB),,1995,60.68785
Sub-Saharan Africa (WB),,1996,61.44891
Sub-Saharan Africa (WB),,1997,62.3643
Sub-Saharan Africa (WB),,1998,62.42521
Sub-Saharan Africa (WB),,1999,63.24683
Sub-Saharan Africa (WB),,2000,60.84378
Sub-Saharan Africa (WB),,2001,61.80151
Sub-Saharan Africa (WB),,2002,62.20535
Sub-Saharan Africa (WB),,2003,62.84995
Sub-Saharan Africa (WB),,2004,63.58071
Sub-Saharan Africa (WB),,2005,63.28228
Sub-Saharan Africa (WB),,2006,62.1581
Sub-Saharan Africa (WB),,2007,62.4056
Sub-Saharan Africa (WB),,2008,62.81743
Sub-Saharan Africa (WB),,2009,63.27435
Sub-Saharan Africa (WB),,2010,64.61118
Sub-Saharan Africa (WB),,2011,67.10008
Sub-Saharan Africa (WB),,2012,68.62974
Sub-Saharan Africa (WB),,2013,69.69256
Sub-Saharan Africa (WB),,2014,70.56996
Sub-Saharan Africa (WB),,2015,71.43871
Sub-Saharan Africa (WB),,2016,72.32338
Sub-Saharan Africa (WB),,2017,73.15344
Sub-Saharan Africa (WB),,2018,74.57623
Sub-Saharan Africa (WB),,2019,74.9221
Sub-Saharan Africa (WB),,2020,75.10625
Sub-Saharan Africa (WB),,2021,75.47069
Sub-Saharan Africa (WB),,2022,75.84205
Sub-Saharan Africa (WB),,2023,76.12796
Sudan,SDN,2000,72
Sudan,SDN,2008,63
Sudan,SDN,2010,64.81
Sudan,SDN,2014,100
Suriname,SUR,2004,94
Suriname,SUR,2006,94.92
Suriname,SUR,2008,99
Suriname,SUR,2010,99
Suriname,SUR,2012,97
Suriname,SUR,2018,97.9577
Syria,SYR,1981,59
Syria,SYR,2002,93
Syria,SYR,2004,90
Syria,SYR,2006,89.05
Syria,SYR,2021,98
Tajikistan,TJK,1989,100
Tajikistan,TJK,2000,100
Tajikistan,TJK,2012,100
Tajikistan,TJK,2017,96.42241
Tanzania,TZA,1988,78
Tanzania,TZA,2002,76
Tanzania,TZA,2012,85
Tanzania,TZA,2015,85
Tanzania,TZA,2022,85.12921
Thailand,THA,1980,96
Thailand,THA,2000,98
Thailand,THA,2005,98
Thailand,THA,2010,97
Thailand,THA,2013,99
Thailand,THA,2015,98
Thailand,THA,2016,97.63726
Thailand,THA,2018,99
Thailand,THA,2019,98.57724
Thailand,THA,2022,98.42796
Togo,TGO,2000,64
Togo,TGO,2006,68
Togo,TGO,2009,75
Togo,TGO,2010,51.42
Togo,TGO,2011,73
Togo,TGO,2014,67.68
Togo,TGO,2015,78
Togo,TGO,2017,74.7365
Togo,TGO,2019,84
Togo,TGO,2022,87.65002
Tonga,TON,1976,100
Tonga,TON,1996,99
Tonga,TON,2006,100
Tonga,TON,2011,100
Tonga,TON,2016,98
Tonga,TON,2019,99.87335
Trinidad and Tobago,TTO,1980,99
Trinidad and Tobago,TTO,1990,99
Trinidad and Tobago,TTO,2006,99.18
Trinidad and Tobago,TTO,2022,99.7281
Tunisia,TUN,1984,63
Tunisia,TUN,2004,92
Tunisia,TUN,2007,95
Tunisia,TUN,2008,95
Tunisia,TUN,2010,96
Tunisia,TUN,2011,96
Tunisia,TUN,2012,96
Tunisia,TUN,2014,96
Tunisia,TUN,2018,97.53666
Tunisia,TUN,2019,97
Tunisia,TUN,2021,99.05225
Tunisia,TUN,2023,98.12705
Turkey,TUR,1975,68
Turkey,TUR,1980,75
Turkey,TUR,1985,86
Turkey,TUR,1990,88
Turkey,TUR,2004,93
Turkey,TUR,2005,94
Turkey,TUR,2006,94
Turkey,TUR,2007,94
Turkey,TUR,2009,97
Turkey,TUR,2010,97
Turkey,TUR,2011,98
Turkey,TUR,2012,98
Turkey,TUR,2013,99
Turkey,TUR,2014,99
Turkey,TUR,2015,99
Turkey,TUR,2016,99
Turkey,TUR,2017,100
Turkey,TUR,2018,98.8
Turkey,TUR,2019,100
Turkey,TUR,2021,100
Turkey,TUR,2022,91.87
Turkmenistan,TKM,1995,100
Turkmenistan,TKM,2015,99.83259
Turkmenistan,TKM,2019,99.98405
Turks and Caicos Islands,TCA,2020,100
Tuvalu,TUV,2019,98.50764
Uganda,UGA,1991,63
Uganda,UGA,2002,76
Uganda,UGA,2006,81
Uganda,UGA,2010,85
Uganda,UGA,2012,82
Uganda,UGA,2016,78.18981
Ukraine,UKR,2001,100
Ukraine,UKR,2005,100
United Arab Emirates,ARE,1975,56
United Arab Emirates,ARE,1985,85
United Arab Emirates,ARE,2005,97
United Arab Emirates,ARE,2019,99
United Arab Emirates,ARE,2021,100
United Arab Emirates,ARE,2022,100
United Arab Emirates,ARE,2023,100
Upper-middle-income countries,,1976,75.8102
Upper-middle-income countries,,1977,76.23382
Upper-middle-income countries,,1978,77.93932
Upper-middle-income countries,,1979,79.64136
Upper-middle-income countries,,1980,81.30511
Upper-middle-income countries,,1981,82.77965
Upper-middle-income countries,,1982,83.96197
Upper-middle-income countries,,1983,85.15379
Upper-middle-income countries,,1984,86.28322
Upper-middle-income countries,,1985,87.09505
Upper-middle-income countries,,1986,87.842
Upper-middle-income countries,,1987,88.94913
Upper-middle-income countries,,1988,90.77799
Upper-middle-income countries,,1989,91.18136
Upper-middle-income countries,,1990,91.73029
Upper-middle-income countries,,1991,92.20113
Upper-middle-income countries,,1992,92.61763
Upper-middle-income countries,,1993,93.00922
Upper-middle-income countries,,1994,93.42463
Upper-middle-income countries,,1995,93.88871
Upper-middle-income countries,,1996,94.25958
Upper-middle-income countries,,1997,96.68306
Upper-middle-income countries,,1998,96.80286
Upper-middle-income countries,,1999,96.97013
Upper-middle-income countries,,2000,97.0581
Upper-middle-income countries,,2001,97.19832
Upper-middle-income countries,,2002,97.38526
Upper-middle-income countries,,2003,97.6757
Upper-middle-income countries,,2004,97.84007
Upper-middle-income countries,,2005,97.96663
Upper-middle-income countries,,2006,97.81661
Upper-middle-income countries,,2007,98.09707
Upper-middle-income countries,,2008,98.53875
Upper-middle-income countries,,2009,98.16295
Upper-middle-income countries,,2010,98.20577
Upper-middle-income countries,,2011,98.20221
Upper-middle-income countries,,2012,98.25984
Upper-middle-income countries,,2013,98.26575
Upper-middle-income countries,,2014,98.37738
Upper-middle-income countries,,2015,98.35668
Upper-middle-income countries,,2016,98.38106
Upper-middle-income countries,,2017,98.27023
Upper-middle-income countries,,2018,98.28093
Upper-middle-income countries,,2019,98.39383
Upper-middle-income countries,,2020,98.40296
Upper-middle-income countries,,2021,98.39409
Upper-middle-income countries,,2022,98.40409
Upper-middle-income countries,,2023,98.39037
Uruguay,URY,1975,99
Uruguay,URY,1985,99
Uruguay,URY,1996,99
Uruguay,URY,2006,99
Uruguay,URY,2007,99
Uruguay,URY,2008,99.2
Uruguay,URY,2009,99.3
Uruguay,URY,2010,99.2
Uruguay,URY,2011,99.1
Uruguay,URY,2012,99.3
Uruguay,URY,2013,99.3
Uruguay,URY,2014,99.4
Uruguay,URY,2015,99.2
Uruguay,URY,2016,99.4
Uruguay,URY,2017,99.3
Uruguay,URY,2018,99.2
Uruguay,URY,2019,99.3
Uruguay,URY,2021,99.2
Uruguay,URY,2022,99.4
Uruguay,URY,2023,99.4
Uzbekistan,UZB,2000,100
Uzbekistan,UZB,2006,100
Uzbekistan,UZB,2013,100
Uzbekistan,UZB,2014,100
Uzbekistan,UZB,2015,100
Uzbekistan,UZB,2016,100
Uzbekistan,UZB,2018,100
Uzbekistan,UZB,2019,100
Uzbekistan,UZB,2021,100
Uzbekistan,UZB,2022,100
Vanuatu,VUT,1979,68
Vanuatu,VUT,2023,94.51224
Venezuela,VEN,1981,94
Venezuela,VEN,1990,96
Venezuela,VEN,2000,98.2
Venezuela,VEN,2001,98.3
Venezuela,VEN,2002,98.4
Venezuela,VEN,2003,98.5
Venezuela,VEN,2004,98.6
Venezuela,VEN,2005,98.5
Venezuela,VEN,2006,98.8
Venezuela,VEN,2007,98.8
Venezuela,VEN,2008,98.9
Venezuela,VEN,2009,98.8
Venezuela,VEN,2010,98.8
Venezuela,VEN,2011,99
Venezuela,VEN,2012,99.1
Venezuela,VEN,2013,98.9
Venezuela,VEN,2014,99.2
Venezuela,VEN,2015,99
Venezuela,VEN,2016,99
Vietnam,VNM,1979,94
Vietnam,VNM,1989,93
Vietnam,VNM,1999,94
Vietnam,VNM,2000,94
Vietnam,VNM,2006,100
Vietnam,VNM,2009,97
Vietnam,VNM,2014,98.81
Vietnam,VNM,2019,99
Vietnam,VNM,2020,98.96916
Vietnam,VNM,2022,99
World,OWID_WRL,1975,69.73282
World,OWID_WRL,1976,69.79862
World,OWID_WRL,1977,70.07248
World,OWID_WRL,1978,70.94979
World,OWID_WRL,1979,71.87965
World,OWID_WRL,1980,72.73877
World,OWID_WRL,1981,73.51524
World,OWID_WRL,1982,74.21412
World,OWID_WRL,1983,74.83505
World,OWID_WRL,1984,75.57709
World,OWID_WRL,1985,76.22743
World,OWID_WRL,1986,76.82139
World,OWID_WRL,1987,77.6648
World,OWID_WRL,1988,78.00692
World,OWID_WRL,1989,78.39028
World,OWID_WRL,1990,78.86351
World,OWID_WRL,1991,79.24219
World,OWID_WRL,1992,79.55118
World,OWID_WRL,1993,79.79938
World,OWID_WRL,1994,80.19295
World,OWID_WRL,1995,80.59619
World,OWID_WRL,1996,80.9904
World,OWID_WRL,1997,82.21442
World,OWID_WRL,1998,82.80887
World,OWID_WRL,1999,83.27845
World,OWID_WRL,2000,83.30813
World,OWID_WRL,2001,83.82793
World,OWID_WRL,2002,84.33525
World,OWID_WRL,2003,84.83368
World,OWID_WRL,2004,85.37423
World,OWID_WRL,2005,85.40587
World,OWID_WRL,2006,85.46435
World,OWID_WRL,2007,86.00191
World,OWID_WRL,2008,86.55271
World,OWID_WRL,2009,86.77014
World,OWID_WRL,2010,87.23128
World,OWID_WRL,2011,87.70053
World,OWID_WRL,2012,88.10454
World,OWID_WRL,2013,88.67801
World,OWID_WRL,2014,89.10535
World,OWID_WRL,2015,89.52198
World,OWID_WRL,2016,89.83617
World,OWID_WRL,2017,90.04203
World,OWID_WRL,2018,90.12206
World,OWID_WRL,2019,90.9163
World,OWID_WRL,2020,91.07546
World,OWID_WRL,2021,91.26919
World,OWID_WRL,2022,91.50098
World,OWID_WRL,2023,91.67273
Yemen,YEM,1994,35
Yemen,YEM,2006,65.66
Yemen,YEM,2013,64.08
Yemen,YEM,2023,76.91698
Zambia,ZMB,1990,66
Zambia,ZMB,1999,66
Zambia,ZMB,2002,66
Zambia,ZMB,2010,87
Zambia,ZMB,2018,72.90992
Zimbabwe,ZWE,1982,85
Zimbabwe,ZWE,1992,94
Zimbabwe,ZWE,2009,95.65
Zimbabwe,ZWE,2014,96.31
Zimbabwe,ZWE,2019,94.2159