Entity,Code,Year,Literacy rate among young men
Afghanistan,AFG,1979,46
Afghanistan,AFG,2011,62
Afghanistan,AFG,2015,57.73505
Afghanistan,AFG,2021,71
Afghanistan,AFG,2022,83.4
Albania,ALB,2001,99
Albania,ALB,2008,99
Albania,ALB,2009,94.82
Albania,ALB,2011,99
Albania,ALB,2012,99
Albania,ALB,2017,98.58999
Algeria,DZA,1987,86
Algeria,DZA,2002,94
Algeria,DZA,2006,94
Algeria,DZA,2008,96
Algeria,DZA,2019,64.79
American Samoa,ASM,1980,98
Angola,AGO,2001,84
Angola,AGO,2014,85
Angola,AGO,2015,83.96919
Anguilla,AIA,1984,99
Argentina,ARG,1980,96
Argentina,ARG,1991,98
Argentina,ARG,2001,99
Armenia,ARM,1989,100
Armenia,ARM,2000,100
Armenia,ARM,2001,100
Armenia,ARM,2011,100
Armenia,ARM,2016,100
Armenia,ARM,2017,100
Armenia,ARM,2020,100
Armenia,ARM,2022,99.64871
Aruba,ABW,2000,99
Aruba,ABW,2010,99
Azerbaijan,AZE,1999,100
Azerbaijan,AZE,2006,100
Azerbaijan,AZE,2007,100
Azerbaijan,AZE,2009,100
Azerbaijan,AZE,2010,100
Azerbaijan,AZE,2011,100
Azerbaijan,AZE,2012,100
Azerbaijan,AZE,2013,100
Azerbaijan,AZE,2014,100
Azerbaijan,AZE,2015,100
Azerbaijan,AZE,2016,100
Azerbaijan,AZE,2017,100
Azerbaijan,AZE,2019,100
Azerbaijan,AZE,2023,100
Bahrain,BHR,1981,90
Bahrain,BHR,1991,97
Bahrain,BHR,2001,97
Bahrain,BHR,2022,99
Bahrain,BHR,2023,99
Bangladesh,BGD,1981,44
Bangladesh,BGD,1991,52
Bangladesh,BGD,2000,100
Bangladesh,BGD,2001,67
Bangladesh,BGD,2007,90.51
Bangladesh,BGD,2011,76
Bangladesh,BGD,2012,76
Bangladesh,BGD,2013,84
Bangladesh,BGD,2014,85
Bangladesh,BGD,2015,86
Bangladesh,BGD,2016,91
Bangladesh,BGD,2017,92
Bangladesh,BGD,2018,92
Bangladesh,BGD,2019,94
Bangladesh,BGD,2020,93
Bangladesh,BGD,2021,94
Bangladesh,BGD,2022,92
Barbados,BRB,1970,100
Barbados,BRB,2012,100
Belarus,BLR,1989,100
Belarus,BLR,1999,100
Belarus,BLR,2009,100
Belarus,BLR,2012,100
Belarus,BLR,2019,100
Belize,BLZ,1991,77
Belize,BLZ,2015,97.82818
Benin,BEN,1979,46
Benin,BEN,1992,55
Benin,BEN,2001,61.08
Benin,BEN,2002,59
Benin,BEN,2006,72.07
Benin,BEN,2017,66.79979
Benin,BEN,2019,76.35444
Benin,BEN,2021,70.96799
Benin,BEN,2022,74.60011
Bhutan,BTN,2005,80
Bhutan,BTN,2012,90
Bhutan,BTN,2017,93
Bolivia,BOL,1976,91
Bolivia,BOL,1992,96
Bolivia,BOL,2000,98.4
Bolivia,BOL,2001,98.2
Bolivia,BOL,2002,99.1
Bolivia,BOL,2003,99.47
Bolivia,BOL,2004,99.6
Bolivia,BOL,2005,99.3
Bolivia,BOL,2006,99.4
Bolivia,BOL,2007,99.8
Bolivia,BOL,2008,99.4
Bolivia,BOL,2009,99.7
Bolivia,BOL,2011,99.3
Bolivia,BOL,2012,99.5
Bolivia,BOL,2013,99.5
Bolivia,BOL,2014,99.7
Bolivia,BOL,2015,99.4
Bolivia,BOL,2016,99.5
Bolivia,BOL,2017,99.4
Bolivia,BOL,2018,99.7
Bolivia,BOL,2019,99.7
Bolivia,BOL,2020,99.6
Bolivia,BOL,2021,99.5
Bosnia and Herzegovina,BIH,1991,99
Bosnia and Herzegovina,BIH,2000,100
Bosnia and Herzegovina,BIH,2013,100
Botswana,BWA,1991,86
Botswana,BWA,2003,92
Brazil,BRA,1980,83
Brazil,BRA,2000,93
Brazil,BRA,2001,94.7
Brazil,BRA,2002,95.1
Brazil,BRA,2003,95.6
Brazil,BRA,2004,95.7
Brazil,BRA,2005,96.1
Brazil,BRA,2006,96.8
Brazil,BRA,2007,97
Brazil,BRA,2008,97.2
Brazil,BRA,2009,97.4
Brazil,BRA,2010,97
Brazil,BRA,2011,97.9
Brazil,BRA,2012,98.2
Brazil,BRA,2013,98.3
Brazil,BRA,2014,98.4
Brazil,BRA,2015,98.6
Brazil,BRA,2016,98.7
Brazil,BRA,2017,98.8
Brazil,BRA,2018,98.7
Brazil,BRA,2019,98.7
Brazil,BRA,2020,99
Brazil,BRA,2021,99.1
Brazil,BRA,2022,99
Brazil,BRA,2023,99
Brunei,BRN,1981,94
Brunei,BRN,1991,98
Brunei,BRN,2001,99
Brunei,BRN,2011,99
Bulgaria,BGR,2001,98
Bulgaria,BGR,2011,98
Burkina Faso,BFA,1975,22
Burkina Faso,BFA,1991,27
Burkina Faso,BFA,1996,25
Burkina Faso,BFA,2003,38
Burkina Faso,BFA,2005,40
Burkina Faso,BFA,2006,40
Burkina Faso,BFA,2007,47
Burkina Faso,BFA,2010,47.04
Burkina Faso,BFA,2014,57
Burkina Faso,BFA,2018,64
Burkina Faso,BFA,2019,51
Burkina Faso,BFA,2021,66.64593
Burkina Faso,BFA,2022,65.47311
Burundi,BDI,1979,41
Burundi,BDI,1990,59
Burundi,BDI,2000,77
Burundi,BDI,2008,67
Burundi,BDI,2010,82.66
Burundi,BDI,2014,85
Burundi,BDI,2016,86.7551
Burundi,BDI,2017,91
Cambodia,KHM,1998,82
Cambodia,KHM,2004,88
Cambodia,KHM,2005,100
Cambodia,KHM,2008,89
Cambodia,KHM,2009,88
Cambodia,KHM,2010,80.6
Cambodia,KHM,2014,90
Cambodia,KHM,2015,92
Cambodia,KHM,2021,90.30829
Cameroon,CMR,1976,80
Cameroon,CMR,2000,88
Cameroon,CMR,2004,81.39
Cameroon,CMR,2007,89
Cameroon,CMR,2010,85
Cameroon,CMR,2011,86.92
Cameroon,CMR,2018,87.59698
Cape Verde,CPV,1990,90
Cape Verde,CPV,2012,98
Cape Verde,CPV,2015,98
Cayman Islands,CYM,2007,99
Central African Republic,CAF,1975,56
Central African Republic,CAF,1988,63
Central African Republic,CAF,2000,73
Central African Republic,CAF,2019,64.90382
Central and Southern Asia (SDG),,1975,63.08979
Central and Southern Asia (SDG),,1976,63.16943
Central and Southern Asia (SDG),,1977,63.65826
Central and Southern Asia (SDG),,1978,64.04982
Central and Southern Asia (SDG),,1979,64.35557
Central and Southern Asia (SDG),,1980,64.54994
Central and Southern Asia (SDG),,1981,64.62395
Central and Southern Asia (SDG),,1982,64.87071
Central and Southern Asia (SDG),,1983,65.06471
Central and Southern Asia (SDG),,1984,65.18798
Central and Southern Asia (SDG),,1985,65.35568
Central and Southern Asia (SDG),,1986,65.54987
Central and Southern Asia (SDG),,1987,65.81714
Central and Southern Asia (SDG),,1988,68.65796
Central and Southern Asia (SDG),,1989,69.49879
Central and Southern Asia (SDG),,1990,70.41392
Central and Southern Asia (SDG),,1991,71.12513
Central and Southern Asia (SDG),,1992,72.52291
Central and Southern Asia (SDG),,1993,73.86445
Central and Southern Asia (SDG),,1994,74.50486
Central and Southern Asia (SDG),,1995,75.20815
Central and Southern Asia (SDG),,1996,75.8941
Central and Southern Asia (SDG),,1997,76.53233
Central and Southern Asia (SDG),,1998,80.47533
Central and Southern Asia (SDG),,1999,81.09931
Central and Southern Asia (SDG),,2000,81.62344
Central and Southern Asia (SDG),,2001,82.06134
Central and Southern Asia (SDG),,2002,82.56851
Central and Southern Asia (SDG),,2003,83.6186
Central and Southern Asia (SDG),,2004,84.02438
Central and Southern Asia (SDG),,2005,85.62037
Central and Southern Asia (SDG),,2006,84.61482
Central and Southern Asia (SDG),,2007,84.8928
Central and Southern Asia (SDG),,2008,85.80285
Central and Southern Asia (SDG),,2009,86.28822
Central and Southern Asia (SDG),,2010,87.72251
Central and Southern Asia (SDG),,2011,87.85644
Central and Southern Asia (SDG),,2012,88.13688
Central and Southern Asia (SDG),,2013,89.19475
Central and Southern Asia (SDG),,2014,89.51995
Central and Southern Asia (SDG),,2015,90.11613
Central and Southern Asia (SDG),,2016,90.8607
Central and Southern Asia (SDG),,2017,91.27249
Central and Southern Asia (SDG),,2018,91.21208
Central and Southern Asia (SDG),,2019,93.88992
Central and Southern Asia (SDG),,2020,94.12073
Central and Southern Asia (SDG),,2021,94.41743
Central and Southern Asia (SDG),,2022,94.68063
Central and Southern Asia (SDG),,2023,94.92773
Chad,TCD,1993,26
Chad,TCD,2000,56
Chad,TCD,2004,54
Chad,TCD,2016,41
Chad,TCD,2019,56.26247
Chile,CHL,1982,96
Chile,CHL,1992,98
Chile,CHL,2000,98.9
Chile,CHL,2002,99
Chile,CHL,2003,98.9
Chile,CHL,2006,98.9
Chile,CHL,2009,99.2
Chile,CHL,2011,99.2
Chile,CHL,2013,99
Chile,CHL,2015,99.3
Chile,CHL,2017,99
Chile,CHL,2022,99.1
China,CHN,1982,95
China,CHN,1990,97
China,CHN,2000,99
China,CHN,2010,100
China,CHN,2020,100
Colombia,COL,1993,95
Colombia,COL,1996,96
Colombia,COL,2002,96.9
Colombia,COL,2003,96.7
Colombia,COL,2004,97.5
Colombia,COL,2005,97.6
Colombia,COL,2006,98
Colombia,COL,2007,97
Colombia,COL,2008,97.5
Colombia,COL,2009,97.4
Colombia,COL,2010,97.8
Colombia,COL,2011,97.8
Colombia,COL,2012,97.8
Colombia,COL,2013,97.8
Colombia,COL,2014,98.1
Colombia,COL,2015,98.2
Colombia,COL,2016,98.3
Colombia,COL,2017,98.3
Colombia,COL,2018,98.7
Colombia,COL,2019,98.5
Colombia,COL,2020,98.7
Colombia,COL,2021,98.8
Colombia,COL,2022,98.6
Colombia,COL,2023,98.7
Comoros,COM,1980,69
Comoros,COM,2000,84
Comoros,COM,2012,85
Congo,COG,1984,92
Congo,COG,2005,88
Costa Rica,CRI,1984,97
Costa Rica,CRI,2000,97
Costa Rica,CRI,2011,99
Costa Rica,CRI,2018,74.78
Cote d'Ivoire,CIV,1988,60
Cote d'Ivoire,CIV,1998,54
Cote d'Ivoire,CIV,2000,71
Cote d'Ivoire,CIV,2014,59
Cote d'Ivoire,CIV,2016,71.98823
Cote d'Ivoire,CIV,2019,93
Cote d'Ivoire,CIV,2021,76.16145
Croatia,HRV,1991,100
Croatia,HRV,2001,100
Cuba,CUB,2002,100
Cuba,CUB,2012,100
Cuba,CUB,2019,99.53119
Cyprus,CYP,1992,100
Cyprus,CYP,2001,100
Cyprus,CYP,2011,100
Democratic Republic of Congo,COD,2001,78
Democratic Republic of Congo,COD,2007,87.36
Democratic Republic of Congo,COD,2012,91
Democratic Republic of Congo,COD,2013,92.56
Democratic Republic of Congo,COD,2016,91
Democratic Republic of Congo,COD,2018,90.81754
Dominican Republic,DOM,1981,81
Dominican Republic,DOM,2000,93.2
Dominican Republic,DOM,2001,94.3
Dominican Republic,DOM,2002,93.8
Dominican Republic,DOM,2003,94.7
Dominican Republic,DOM,2004,95.2
Dominican Republic,DOM,2005,96.2
Dominican Republic,DOM,2006,95.3
Dominican Republic,DOM,2007,97.2
Dominican Republic,DOM,2008,95.6
Dominican Republic,DOM,2009,96.2
Dominican Republic,DOM,2010,96.2
Dominican Republic,DOM,2011,96.5
Dominican Republic,DOM,2012,96.7
Dominican Republic,DOM,2013,97.6
Dominican Republic,DOM,2014,98
Dominican Republic,DOM,2015,98.1
Dominican Republic,DOM,2016,98.1
Dominican Republic,DOM,2017,97.8
Dominican Republic,DOM,2018,98
Dominican Republic,DOM,2019,98.3
Dominican Republic,DOM,2020,98.6
Dominican Republic,DOM,2021,98.7
Dominican Republic,DOM,2022,98.1
Dominican Republic,DOM,2023,98.3
East Asia and Pacific (WB),,1976,92.06965
East Asia and Pacific (WB),,1977,92.13786
East Asia and Pacific (WB),,1978,92.69134
East Asia and Pacific (WB),,1979,93.21935
East Asia and Pacific (WB),,1980,93.65328
East Asia and Pacific (WB),,1981,94.01275
East Asia and Pacific (WB),,1982,94.27296
East Asia and Pacific (WB),,1983,94.54431
East Asia and Pacific (WB),,1984,94.79929
East Asia and Pacific (WB),,1985,95.01331
East Asia and Pacific (WB),,1986,95.17848
East Asia and Pacific (WB),,1987,95.9976
East Asia and Pacific (WB),,1988,96.41761
East Asia and Pacific (WB),,1989,96.40825
East Asia and Pacific (WB),,1990,96.40288
East Asia and Pacific (WB),,1991,96.42215
East Asia and Pacific (WB),,1992,96.44241
East Asia and Pacific (WB),,1993,96.4574
East Asia and Pacific (WB),,1994,96.56721
East Asia and Pacific (WB),,1995,96.69341
East Asia and Pacific (WB),,1996,96.79782
East Asia and Pacific (WB),,1997,98.02458
East Asia and Pacific (WB),,1998,98.0536
East Asia and Pacific (WB),,1999,98.07207
East Asia and Pacific (WB),,2000,98.10066
East Asia and Pacific (WB),,2001,98.10212
East Asia and Pacific (WB),,2002,98.14776
East Asia and Pacific (WB),,2003,98.21947
East Asia and Pacific (WB),,2004,98.30039
East Asia and Pacific (WB),,2005,98.35316
East Asia and Pacific (WB),,2006,98.18339
East Asia and Pacific (WB),,2007,98.50984
East Asia and Pacific (WB),,2008,98.81036
East Asia and Pacific (WB),,2009,98.74872
East Asia and Pacific (WB),,2010,98.69274
East Asia and Pacific (WB),,2011,98.28942
East Asia and Pacific (WB),,2012,98.32583
East Asia and Pacific (WB),,2013,98.33456
East Asia and Pacific (WB),,2014,98.53776
East Asia and Pacific (WB),,2015,98.60747
East Asia and Pacific (WB),,2016,98.6197
East Asia and Pacific (WB),,2017,98.61173
East Asia and Pacific (WB),,2018,98.50946
East Asia and Pacific (WB),,2019,98.83422
East Asia and Pacific (WB),,2020,98.93899
East Asia and Pacific (WB),,2021,98.96167
East Asia and Pacific (WB),,2022,98.98314
East Asia and Pacific (WB),,2023,99.0027
East Timor,TLS,2009,87.25
East Timor,TLS,2010,80
East Timor,TLS,2016,89.55101
Eastern and South-Eastern Asia (SDG),,1976,92.1425
Eastern and South-Eastern Asia (SDG),,1977,92.21163
Eastern and South-Eastern Asia (SDG),,1978,92.77227
Eastern and South-Eastern Asia (SDG),,1979,93.30574
Eastern and South-Eastern Asia (SDG),,1980,93.74401
Eastern and South-Eastern Asia (SDG),,1981,94.10611
Eastern and South-Eastern Asia (SDG),,1982,94.36729
Eastern and South-Eastern Asia (SDG),,1983,94.64047
Eastern and South-Eastern Asia (SDG),,1984,94.89497
Eastern and South-Eastern Asia (SDG),,1985,95.10735
Eastern and South-Eastern Asia (SDG),,1986,95.27004
Eastern and South-Eastern Asia (SDG),,1987,96.09497
Eastern and South-Eastern Asia (SDG),,1988,96.51806
Eastern and South-Eastern Asia (SDG),,1989,96.508
Eastern and South-Eastern Asia (SDG),,1990,96.50264
Eastern and South-Eastern Asia (SDG),,1991,96.52341
Eastern and South-Eastern Asia (SDG),,1992,96.54519
Eastern and South-Eastern Asia (SDG),,1993,96.56196
Eastern and South-Eastern Asia (SDG),,1994,96.6759
Eastern and South-Eastern Asia (SDG),,1995,96.80654
Eastern and South-Eastern Asia (SDG),,1996,96.91575
Eastern and South-Eastern Asia (SDG),,1997,98.16245
Eastern and South-Eastern Asia (SDG),,1998,98.19519
Eastern and South-Eastern Asia (SDG),,1999,98.22033
Eastern and South-Eastern Asia (SDG),,2000,98.25711
Eastern and South-Eastern Asia (SDG),,2001,98.26271
Eastern and South-Eastern Asia (SDG),,2002,98.31304
Eastern and South-Eastern Asia (SDG),,2003,98.38914
Eastern and South-Eastern Asia (SDG),,2004,98.47451
Eastern and South-Eastern Asia (SDG),,2005,98.53169
Eastern and South-Eastern Asia (SDG),,2006,98.36356
Eastern and South-Eastern Asia (SDG),,2007,98.70143
Eastern and South-Eastern Asia (SDG),,2008,99.01506
Eastern and South-Eastern Asia (SDG),,2009,98.95905
Eastern and South-Eastern Asia (SDG),,2010,98.90729
Eastern and South-Eastern Asia (SDG),,2011,98.50358
Eastern and South-Eastern Asia (SDG),,2012,98.54806
Eastern and South-Eastern Asia (SDG),,2013,98.566
Eastern and South-Eastern Asia (SDG),,2014,98.78386
Eastern and South-Eastern Asia (SDG),,2015,98.86771
Eastern and South-Eastern Asia (SDG),,2016,98.89226
Eastern and South-Eastern Asia (SDG),,2017,98.89327
Eastern and South-Eastern Asia (SDG),,2018,98.79708
Eastern and South-Eastern Asia (SDG),,2019,99.1361
Eastern and South-Eastern Asia (SDG),,2020,99.24863
Eastern and South-Eastern Asia (SDG),,2021,99.2751
Eastern and South-Eastern Asia (SDG),,2022,99.30309
Eastern and South-Eastern Asia (SDG),,2023,99.32656
Ecuador,ECU,1982,95
Ecuador,ECU,1990,97
Ecuador,ECU,2001,97.6
Ecuador,ECU,2003,96.5
Ecuador,ECU,2005,98.3
Ecuador,ECU,2006,98.3
Ecuador,ECU,2007,98.2
Ecuador,ECU,2008,98.4
Ecuador,ECU,2009,98.7
Ecuador,ECU,2010,98.5
Ecuador,ECU,2011,98.6
Ecuador,ECU,2012,98.8
Ecuador,ECU,2013,98.6
Ecuador,ECU,2014,99
Ecuador,ECU,2015,99.3
Ecuador,ECU,2016,99
Ecuador,ECU,2017,99.1
Ecuador,ECU,2018,98.9
Ecuador,ECU,2019,98.2
Ecuador,ECU,2020,98.5
Ecuador,ECU,2021,99
Ecuador,ECU,2022,99
Ecuador,ECU,2023,99
Egypt,EGY,1976,63
Egypt,EGY,1986,71
Egypt,EGY,1996,79
Egypt,EGY,2005,90
Egypt,EGY,2006,88
Egypt,EGY,2010,91
Egypt,EGY,2012,92
Egypt,EGY,2013,94
Egypt,EGY,2017,89
Egypt,EGY,2022,95.51
El Salvador,SLV,1992,85
El Salvador,SLV,2000,92.2
El Salvador,SLV,2001,93.5
El Salvador,SLV,2002,92.9
El Salvador,SLV,2003,93.3
El Salvador,SLV,2004,93.7
El Salvador,SLV,2005,94.9
El Salvador,SLV,2006,94.4
El Salvador,SLV,2007,95.2
El Salvador,SLV,2008,95
El Salvador,SLV,2009,95.1
El Salvador,SLV,2010,95.7
El Salvador,SLV,2011,96
El Salvador,SLV,2012,96.7
El Salvador,SLV,2013,96.9
El Salvador,SLV,2014,97.3
El Salvador,SLV,2015,97.5
El Salvador,SLV,2016,97.7
El Salvador,SLV,2017,97.8
El Salvador,SLV,2018,97.7
El Salvador,SLV,2019,98
El Salvador,SLV,2020,98.3
El Salvador,SLV,2021,97.8
El Salvador,SLV,2022,98
El Salvador,SLV,2023,97.6
Equatorial Guinea,GNQ,2000,98
Eritrea,ERI,2002,86
Eritrea,ERI,2008,91
Estonia,EST,1989,100
Estonia,EST,2000,100
Estonia,EST,2011,100
Eswatini,SWZ,1976,76
Eswatini,SWZ,1986,83
Eswatini,SWZ,2000,91
Eswatini,SWZ,2006,88.81
Eswatini,SWZ,2022,98.55315
Ethiopia,ETH,1994,39
Ethiopia,ETH,2000,49.47
Ethiopia,ETH,2004,62
Ethiopia,ETH,2005,60.07
Ethiopia,ETH,2007,63
Ethiopia,ETH,2011,65.08
Ethiopia,ETH,2016,79.13417
Europe and Central Asia (WB),,1990,99.29788
Europe and Central Asia (WB),,1991,99.30632
Europe and Central Asia (WB),,1992,99.14109
Europe and Central Asia (WB),,1993,99.14551
Europe and Central Asia (WB),,1994,99.15435
Europe and Central Asia (WB),,1995,99.15745
Europe and Central Asia (WB),,1996,99.16376
Europe and Central Asia (WB),,1997,99.16921
Europe and Central Asia (WB),,1998,99.14203
Europe and Central Asia (WB),,1999,99.12084
Europe and Central Asia (WB),,2000,99.27405
Europe and Central Asia (WB),,2001,99.28998
Europe and Central Asia (WB),,2002,99.34685
Europe and Central Asia (WB),,2003,99.34642
Europe and Central Asia (WB),,2004,99.32986
Europe and Central Asia (WB),,2005,99.37011
Europe and Central Asia (WB),,2006,99.38467
Europe and Central Asia (WB),,2007,99.40214
Europe and Central Asia (WB),,2008,99.41971
Europe and Central Asia (WB),,2009,99.5298
Europe and Central Asia (WB),,2010,99.559
Europe and Central Asia (WB),,2011,99.59864
Europe and Central Asia (WB),,2012,99.62316
Europe and Central Asia (WB),,2013,99.64314
Europe and Central Asia (WB),,2014,99.66125
Europe and Central Asia (WB),,2015,99.66372
Europe and Central Asia (WB),,2016,99.67653
Europe and Central Asia (WB),,2017,99.68803
Europe and Central Asia (WB),,2018,99.73709
Europe and Central Asia (WB),,2019,99.74954
Europe and Central Asia (WB),,2020,99.73968
Europe and Central Asia (WB),,2021,99.75074
Europe and Central Asia (WB),,2022,99.75511
Europe and Central Asia (WB),,2023,99.75977
Europe and Northern America (SDG),,2002,99.47237
Europe and Northern America (SDG),,2003,99.48047
Europe and Northern America (SDG),,2004,99.4866
Europe and Northern America (SDG),,2005,99.49365
Europe and Northern America (SDG),,2006,99.50642
Europe and Northern America (SDG),,2007,99.5034
Europe and Northern America (SDG),,2018,99.66694
Europe and Northern America (SDG),,2019,99.67549
Europe and Northern America (SDG),,2020,99.66568
Europe and Northern America (SDG),,2021,99.67509
Europe and Northern America (SDG),,2022,99.67989
Fiji,FJI,2021,96.11
Gabon,GAB,1993,94
Gabon,GAB,2012,94.88
Gabon,GAB,2021,94.95532
Gambia,GMB,2000,64
Gambia,GMB,2013,78.39
Gambia,GMB,2015,71
Gambia,GMB,2018,74.97817
Gambia,GMB,2021,72.01779
Georgia,GEO,2002,100
Georgia,GEO,2014,100
Georgia,GEO,2017,100
Georgia,GEO,2018,99.9046
Georgia,GEO,2022,100
Georgia,GEO,2023,98.88482
Ghana,GHA,2000,76
Ghana,GHA,2003,84.77
Ghana,GHA,2010,88
Ghana,GHA,2014,91.17
Ghana,GHA,2017,89.77029
Ghana,GHA,2021,91.73803
Greece,GRC,1981,99
Greece,GRC,1991,99
Greece,GRC,2001,99
Greece,GRC,2009,100
Grenada,GRD,1970,99
Guadeloupe,GLP,1982,98
Guam,GUM,1980,95
Guam,GUM,1990,100
Guatemala,GTM,1994,82
Guatemala,GTM,2000,87.7
Guatemala,GTM,2002,86
Guatemala,GTM,2006,91.4
Guatemala,GTM,2012,95
Guatemala,GTM,2013,94
Guatemala,GTM,2014,94.9
Guatemala,GTM,2015,96.67467
Guatemala,GTM,2018,95
Guatemala,GTM,2022,95.85535
Guatemala,GTM,2023,97.3
Guinea,GIN,1996,44
Guinea,GIN,2003,59
Guinea,GIN,2005,64.19
Guinea,GIN,2010,38
Guinea,GIN,2012,71.69
Guinea,GIN,2014,57
Guinea,GIN,2018,70
Guinea-Bissau,GNB,1979,60
Guinea-Bissau,GNB,2000,75
Guinea-Bissau,GNB,2019,81.83359
Guinea-Bissau,GNB,2022,86.19711
Guyana,GUY,2009,95.71
Guyana,GUY,2020,99.26508
Haiti,HTI,1982,51
Haiti,HTI,2003,83
Haiti,HTI,2012,86.55
Haiti,HTI,2017,88.38471
High-income countries,,2004,98.8447
High-income countries,,2005,98.89156
High-income countries,,2020,99.22166
High-income countries,,2021,99.27138
Honduras,HND,2001,89.7
Honduras,HND,2004,90.2
Honduras,HND,2005,89.9
Honduras,HND,2007,93
Honduras,HND,2009,92.6
Honduras,HND,2010,94.4
Honduras,HND,2011,94.9
Honduras,HND,2012,94
Honduras,HND,2013,93.9
Honduras,HND,2014,95
Honduras,HND,2015,95
Honduras,HND,2016,94.9
Honduras,HND,2018,94.9
Honduras,HND,2019,94.8
Honduras,HND,2023,94.6
Hungary,HUN,1980,99
India,IND,1981,66
India,IND,1991,74
India,IND,2001,84
India,IND,2006,88
India,IND,2011,90
India,IND,2016,93.55494
India,IND,2020,99.07
India,IND,2022,97
India,IND,2023,98
Indonesia,IDN,1980,90
Indonesia,IDN,1990,97
Indonesia,IDN,2004,99
Indonesia,IDN,2006,97
Indonesia,IDN,2008,100
Indonesia,IDN,2009,100
Indonesia,IDN,2011,99
Indonesia,IDN,2014,100
Indonesia,IDN,2015,100
Indonesia,IDN,2016,100
Indonesia,IDN,2017,99.93
Indonesia,IDN,2018,100
Indonesia,IDN,2020,100
Indonesia,IDN,2022,92.91
Iran,IRN,1976,71
Iran,IRN,1986,85
Iran,IRN,1991,92
Iran,IRN,1996,96
Iran,IRN,2005,98
Iran,IRN,2006,97
Iran,IRN,2008,98
Iran,IRN,2012,98
Iran,IRN,2013,98
Iran,IRN,2014,98
Iran,IRN,2016,98
Iraq,IRQ,2000,89
Iraq,IRQ,2012,87
Iraq,IRQ,2014,92
Iraq,IRQ,2016,93
Iraq,IRQ,2017,95
Israel,ISR,1983,99
Italy,ITA,1981,100
Italy,ITA,2001,100
Italy,ITA,2011,100
Italy,ITA,2019,100
Jamaica,JAM,1999,87
Jamaica,JAM,2022,88.23
Jordan,JOR,1979,96
Jordan,JOR,2003,99
Jordan,JOR,2005,99
Jordan,JOR,2007,99
Jordan,JOR,2010,99
Jordan,JOR,2011,99
Jordan,JOR,2012,99
Jordan,JOR,2018,97.42178
Jordan,JOR,2023,99
Kazakhstan,KAZ,1989,100
Kazakhstan,KAZ,1999,100
Kazakhstan,KAZ,2009,100
Kenya,KEN,2000,93
Kenya,KEN,2014,94.02
Kenya,KEN,2022,96.14752
Kiribati,KIR,2018,95.83073
Kuwait,KWT,1975,78
Kuwait,KWT,1980,81
Kuwait,KWT,1985,91
Kuwait,KWT,1995,94
Kuwait,KWT,2005,100
Kuwait,KWT,2006,99
Kuwait,KWT,2007,98
Kuwait,KWT,2008,99
Kuwait,KWT,2010,99
Kuwait,KWT,2012,99
Kuwait,KWT,2013,99
Kuwait,KWT,2015,99
Kuwait,KWT,2017,99
Kuwait,KWT,2018,99
Kuwait,KWT,2020,99
Kyrgyzstan,KGZ,1999,100
Kyrgyzstan,KGZ,2009,100
Laos,LAO,1995,79
Laos,LAO,2000,88
Laos,LAO,2001,83
Laos,LAO,2005,89
Laos,LAO,2015,94
Laos,LAO,2017,91.20028
Latin America & Caribbean (WB),,1974,88.63645
Latin America & Caribbean (WB),,1975,88.6294
Latin America & Caribbean (WB),,1976,88.74199
Latin America & Caribbean (WB),,1977,88.82863
Latin America & Caribbean (WB),,1978,88.91357
Latin America & Caribbean (WB),,1979,88.90134
Latin America & Caribbean (WB),,1980,88.79192
Latin America & Caribbean (WB),,1981,88.80603
Latin America & Caribbean (WB),,1982,88.80645
Latin America & Caribbean (WB),,1983,88.81133
Latin America & Caribbean (WB),,1984,88.83096
Latin America & Caribbean (WB),,1985,88.86339
Latin America & Caribbean (WB),,1986,88.89468
Latin America & Caribbean (WB),,1987,89.05892
Latin America & Caribbean (WB),,1988,89.28155
Latin America & Caribbean (WB),,1989,89.48341
Latin America & Caribbean (WB),,1990,89.62017
Latin America & Caribbean (WB),,1991,90.36628
Latin America & Caribbean (WB),,1992,91.10965
Latin America & Caribbean (WB),,1993,91.85488
Latin America & Caribbean (WB),,1994,92.59584
Latin America & Caribbean (WB),,1995,93.34082
Latin America & Caribbean (WB),,1996,93.67079
Latin America & Caribbean (WB),,1997,93.85517
Latin America & Caribbean (WB),,1998,94.119
Latin America & Caribbean (WB),,1999,94.31359
Latin America & Caribbean (WB),,2000,94.49998
Latin America & Caribbean (WB),,2001,94.66916
Latin America & Caribbean (WB),,2002,95.12653
Latin America & Caribbean (WB),,2003,95.97106
Latin America & Caribbean (WB),,2004,96.02989
Latin America & Caribbean (WB),,2005,96.22208
Latin America & Caribbean (WB),,2006,96.45865
Latin America & Caribbean (WB),,2007,96.67873
Latin America & Caribbean (WB),,2008,96.89331
Latin America & Caribbean (WB),,2009,97.12293
Latin America & Caribbean (WB),,2010,96.99602
Latin America & Caribbean (WB),,2011,97.45808
Latin America & Caribbean (WB),,2012,97.6563
Latin America & Caribbean (WB),,2013,97.62371
Latin America & Caribbean (WB),,2014,97.99299
Latin America & Caribbean (WB),,2015,98.05344
Latin America & Caribbean (WB),,2016,98.18215
Latin America & Caribbean (WB),,2017,98.19944
Latin America & Caribbean (WB),,2018,98.28612
Latin America & Caribbean (WB),,2019,98.33218
Latin America & Caribbean (WB),,2020,98.32484
Latin America & Caribbean (WB),,2021,98.37138
Latin America & Caribbean (WB),,2022,98.43216
Latin America & Caribbean (WB),,2023,98.45885
Latin America and the Caribbean (SDG),,1974,88.63671
Latin America and the Caribbean (SDG),,1975,88.62967
Latin America and the Caribbean (SDG),,1976,88.74226
Latin America and the Caribbean (SDG),,1977,88.82889
Latin America and the Caribbean (SDG),,1978,88.91384
Latin America and the Caribbean (SDG),,1979,88.90161
Latin America and the Caribbean (SDG),,1980,88.7922
Latin America and the Caribbean (SDG),,1981,88.8063
Latin America and the Caribbean (SDG),,1982,88.80672
Latin America and the Caribbean (SDG),,1983,88.81159
Latin America and the Caribbean (SDG),,1984,88.83121
Latin America and the Caribbean (SDG),,1985,88.86364
Latin America and the Caribbean (SDG),,1986,88.89493
Latin America and the Caribbean (SDG),,1987,89.05918
Latin America and the Caribbean (SDG),,1988,89.2818
Latin America and the Caribbean (SDG),,1989,89.48365
Latin America and the Caribbean (SDG),,1990,89.6204
Latin America and the Caribbean (SDG),,1991,90.36647
Latin America and the Caribbean (SDG),,1992,91.10981
Latin America and the Caribbean (SDG),,1993,91.85501
Latin America and the Caribbean (SDG),,1994,92.59595
Latin America and the Caribbean (SDG),,1995,93.34091
Latin America and the Caribbean (SDG),,1996,93.67088
Latin America and the Caribbean (SDG),,1997,93.85525
Latin America and the Caribbean (SDG),,1998,94.11908
Latin America and the Caribbean (SDG),,1999,94.31367
Latin America and the Caribbean (SDG),,2000,94.50005
Latin America and the Caribbean (SDG),,2001,94.66923
Latin America and the Caribbean (SDG),,2002,95.1266
Latin America and the Caribbean (SDG),,2003,95.97111
Latin America and the Caribbean (SDG),,2004,96.02994
Latin America and the Caribbean (SDG),,2005,96.22213
Latin America and the Caribbean (SDG),,2006,96.45869
Latin America and the Caribbean (SDG),,2007,96.67877
Latin America and the Caribbean (SDG),,2008,96.89334
Latin America and the Caribbean (SDG),,2009,97.12295
Latin America and the Caribbean (SDG),,2010,96.99604
Latin America and the Caribbean (SDG),,2011,97.4581
Latin America and the Caribbean (SDG),,2012,97.65631
Latin America and the Caribbean (SDG),,2013,97.62372
Latin America and the Caribbean (SDG),,2014,97.99299
Latin America and the Caribbean (SDG),,2015,98.05344
Latin America and the Caribbean (SDG),,2016,98.18215
Latin America and the Caribbean (SDG),,2017,98.19944
Latin America and the Caribbean (SDG),,2018,98.28611
Latin America and the Caribbean (SDG),,2019,98.33217
Latin America and the Caribbean (SDG),,2020,98.32483
Latin America and the Caribbean (SDG),,2021,98.37138
Latin America and the Caribbean (SDG),,2022,98.43215
Latin America and the Caribbean (SDG),,2023,98.45884
Latvia,LVA,1989,100
Latvia,LVA,2000,100
Latvia,LVA,2011,100
Lebanon,LBN,2007,98
Lebanon,LBN,2009,99
Lebanon,LBN,2018,98
Lesotho,LSO,2000,85
Lesotho,LSO,2006,66
Lesotho,LSO,2009,82.23
Lesotho,LSO,2014,87.37
Lesotho,LSO,2016,97
Lesotho,LSO,2018,92.35318
Liberia,LBR,1984,63
Liberia,LBR,2007,77.33
Liberia,LBR,2013,83.75
Libya,LBY,1984,98
Lithuania,LTU,1989,100
Lithuania,LTU,2001,100
Lithuania,LTU,2011,100
Low-income countries,,1988,66.71126
Low-income countries,,1989,66.95475
Low-income countries,,1990,67.07243
Low-income countries,,1991,66.51073
Low-income countries,,1992,65.81742
Low-income countries,,1993,65.46683
Low-income countries,,1994,65.2399
Low-income countries,,1995,65.38342
Low-income countries,,1996,65.14389
Low-income countries,,1997,65.1523
Low-income countries,,1998,65.44507
Low-income countries,,1999,65.61281
Low-income countries,,2000,65.38389
Low-income countries,,2001,65.59562
Low-income countries,,2002,69.68612
Low-income countries,,2003,69.71195
Low-income countries,,2004,70.33244
Low-income countries,,2005,70.52606
Low-income countries,,2006,69.59228
Low-income countries,,2007,70.68146
Low-income countries,,2008,71.80143
Low-income countries,,2009,72.47431
Low-income countries,,2010,72.70415
Low-income countries,,2011,74.51943
Low-income countries,,2012,75.36368
Low-income countries,,2013,76.16065
Low-income countries,,2014,76.44838
Low-income countries,,2015,76.84152
Low-income countries,,2016,77.04158
Low-income countries,,2017,77.66572
Low-income countries,,2018,77.19465
Low-income countries,,2019,77.0154
Low-income countries,,2020,77.10644
Low-income countries,,2021,77.44955
Low-income countries,,2022,77.73687
Low-income countries,,2023,77.95494
Lower-middle-income countries,,1975,67.62587
Lower-middle-income countries,,1976,67.70277
Lower-middle-income countries,,1977,68.08382
Lower-middle-income countries,,1978,68.39049
Lower-middle-income countries,,1979,68.59643
Lower-middle-income countries,,1980,68.70098
Lower-middle-income countries,,1981,68.80225
Lower-middle-income countries,,1982,68.97708
Lower-middle-income countries,,1983,69.13491
Lower-middle-income countries,,1984,69.30184
Lower-middle-income countries,,1985,69.52071
Lower-middle-income countries,,1986,69.71321
Lower-middle-income countries,,1987,70.18854
Lower-middle-income countries,,1988,72.31447
Lower-middle-income countries,,1989,72.98763
Lower-middle-income countries,,1990,73.60304
Lower-middle-income countries,,1991,74.23516
Lower-middle-income countries,,1992,75.3428
Lower-middle-income countries,,1993,76.36027
Lower-middle-income countries,,1994,77.01993
Lower-middle-income countries,,1995,77.54648
Lower-middle-income countries,,1996,78.18687
Lower-middle-income countries,,1997,78.73385
Lower-middle-income countries,,1998,81.56189
Lower-middle-income countries,,1999,82.18743
Lower-middle-income countries,,2000,82.35816
Lower-middle-income countries,,2001,82.72581
Lower-middle-income countries,,2002,83.10958
Lower-middle-income countries,,2003,84.08785
Lower-middle-income countries,,2004,84.42356
Lower-middle-income countries,,2005,85.40766
Lower-middle-income countries,,2006,84.59039
Lower-middle-income countries,,2007,84.82232
Lower-middle-income countries,,2008,85.33198
Lower-middle-income countries,,2009,85.69521
Lower-middle-income countries,,2010,86.90514
Lower-middle-income countries,,2011,86.92319
Lower-middle-income countries,,2012,87.54859
Lower-middle-income countries,,2013,88.4973
Lower-middle-income countries,,2014,88.8433
Lower-middle-income countries,,2015,89.40439
Lower-middle-income countries,,2016,89.7792
Lower-middle-income countries,,2017,90.19085
Lower-middle-income countries,,2018,90.54972
Lower-middle-income countries,,2019,92.6157
Lower-middle-income countries,,2020,92.83811
Lower-middle-income countries,,2021,93.04316
Lower-middle-income countries,,2022,93.21588
Lower-middle-income countries,,2023,93.37012
Macao,MAC,1981,95
Macao,MAC,2001,99
Macao,MAC,2006,100
Macao,MAC,2011,100
Macao,MAC,2016,100
Madagascar,MDG,2000,73
Madagascar,MDG,2005,59
Madagascar,MDG,2012,78
Madagascar,MDG,2018,81
Madagascar,MDG,2021,82.52617
Malawi,MWI,1987,70
Malawi,MWI,1998,82
Malawi,MWI,2020,81.30133
Malaysia,MYS,1980,89
Malaysia,MYS,1991,96
Malaysia,MYS,2000,97
Malaysia,MYS,2010,98
Malaysia,MYS,2016,97
Malaysia,MYS,2017,97
Malaysia,MYS,2018,97
Malaysia,MYS,2019,97
Malaysia,MYS,2022,99
Maldives,MDV,1977,84
Maldives,MDV,1985,95
Maldives,MDV,1990,98
Maldives,MDV,1995,98
Maldives,MDV,2000,98
Maldives,MDV,2006,99
Maldives,MDV,2014,99
Maldives,MDV,2016,98
Maldives,MDV,2017,97.31116
Maldives,MDV,2019,98.62147
Mali,MLI,1976,27
Mali,MLI,1998,32
Mali,MLI,2006,47
Mali,MLI,2010,56
Mali,MLI,2011,56
Mali,MLI,2015,61
Mali,MLI,2018,58
Mali,MLI,2020,44.16
Malta,MLT,1985,97
Malta,MLT,1995,94
Malta,MLT,2005,97
Malta,MLT,2011,98
Marshall Islands,MHL,2011,98
Martinique,MTQ,1982,99
Mauritania,MRT,2000,68
Mauritania,MRT,2013,74
Mauritania,MRT,2015,86.73236
Mauritania,MRT,2020,75.25897
Mauritius,MUS,1990,91
Mauritius,MUS,2000,94
Mauritius,MUS,2011,98
Mexico,MEX,1980,93
Mexico,MEX,1990,96
Mexico,MEX,2000,97.2
Mexico,MEX,2002,97.8
Mexico,MEX,2004,97.1
Mexico,MEX,2005,98
Mexico,MEX,2006,98.1
Mexico,MEX,2007,98
Mexico,MEX,2008,98.2
Mexico,MEX,2009,99
Mexico,MEX,2010,98.2
Mexico,MEX,2011,98
Mexico,MEX,2012,98.6
Mexico,MEX,2013,99
Mexico,MEX,2014,98.4
Mexico,MEX,2015,99
Mexico,MEX,2016,98.5
Mexico,MEX,2017,99
Mexico,MEX,2018,98.4
Mexico,MEX,2020,98.8
Mexico,MEX,2022,98.7
Middle East & North Africa (WB),,1973,71.80761
Middle East & North Africa (WB),,1974,72.28545
Middle East & North Africa (WB),,1975,72.88749
Middle East & North Africa (WB),,1976,73.51033
Middle East & North Africa (WB),,1977,74.17554
Middle East & North Africa (WB),,1978,74.79698
Middle East & North Africa (WB),,1979,75.29801
Middle East & North Africa (WB),,1980,75.95265
Middle East & North Africa (WB),,1981,76.61027
Middle East & North Africa (WB),,1982,77.30011
Middle East & North Africa (WB),,1983,78.38635
Middle East & North Africa (WB),,1984,79.32956
Middle East & North Africa (WB),,1985,80.26156
Middle East & North Africa (WB),,1986,81.17504
Middle East & North Africa (WB),,1987,81.98535
Middle East & North Africa (WB),,1988,82.77369
Middle East & North Africa (WB),,1989,83.50282
Middle East & North Africa (WB),,1990,85.08913
Middle East & North Africa (WB),,1991,86.2941
Middle East & North Africa (WB),,1992,86.98366
Middle East & North Africa (WB),,1993,87.18237
Middle East & North Africa (WB),,1994,87.6795
Middle East & North Africa (WB),,1995,88.37237
Middle East & North Africa (WB),,1996,88.87634
Middle East & North Africa (WB),,1997,89.3345
Middle East & North Africa (WB),,1998,89.66076
Middle East & North Africa (WB),,1999,90.00801
Middle East & North Africa (WB),,2000,90.32751
Middle East & North Africa (WB),,2001,90.79612
Middle East & North Africa (WB),,2002,91.14309
Middle East & North Africa (WB),,2003,92.80639
Middle East & North Africa (WB),,2004,93.05454
Middle East & North Africa (WB),,2005,93.20441
Middle East & North Africa (WB),,2006,92.64047
Middle East & North Africa (WB),,2007,93.14143
Middle East & North Africa (WB),,2008,93.9046
Middle East & North Africa (WB),,2009,91.90152
Middle East & North Africa (WB),,2010,92.09109
Middle East & North Africa (WB),,2011,92.40269
Middle East & North Africa (WB),,2012,92.95354
Middle East & North Africa (WB),,2013,93.12824
Middle East & North Africa (WB),,2014,93.1035
Middle East & North Africa (WB),,2015,93.10533
Middle East & North Africa (WB),,2016,91.75193
Middle East & North Africa (WB),,2017,91.8816
Middle East & North Africa (WB),,2018,91.98373
Middle East & North Africa (WB),,2019,92.13213
Middle East & North Africa (WB),,2020,92.31631
Middle East & North Africa (WB),,2021,92.55002
Middle East & North Africa (WB),,2022,92.67047
Middle East & North Africa (WB),,2023,92.76265
Middle-income countries,,1975,82.01004
Middle-income countries,,1976,81.9535
Middle-income countries,,1977,82.01001
Middle-income countries,,1978,82.3759
Middle-income countries,,1979,82.83411
Middle-income countries,,1980,83.08366
Middle-income countries,,1981,83.28573
Middle-income countries,,1982,83.47574
Middle-income countries,,1983,83.63856
Middle-income countries,,1984,83.91896
Middle-income countries,,1985,84.20709
Middle-income countries,,1986,84.48498
Middle-income countries,,1987,85.09667
Middle-income countries,,1988,86.11868
Middle-income countries,,1989,86.28904
Middle-income countries,,1990,86.49629
Middle-income countries,,1991,86.7337
Middle-income countries,,1992,87.15431
Middle-income countries,,1993,87.55365
Middle-income countries,,1994,87.75785
Middle-income countries,,1995,87.93865
Middle-income countries,,1996,88.12213
Middle-income countries,,1997,88.77795
Middle-income countries,,1998,90.0512
Middle-income countries,,1999,90.28239
Middle-income countries,,2000,90.33717
Middle-income countries,,2001,90.51095
Middle-income countries,,2002,90.74979
Middle-income countries,,2003,91.35642
Middle-income countries,,2004,91.55407
Middle-income countries,,2005,92.06743
Middle-income countries,,2006,91.59686
Middle-income countries,,2007,91.74972
Middle-income countries,,2008,92.10284
Middle-income countries,,2009,92.06343
Middle-income countries,,2010,92.6045
Middle-income countries,,2011,92.54603
Middle-income countries,,2012,92.80064
Middle-income countries,,2013,93.1949
Middle-income countries,,2014,93.34903
Middle-income countries,,2015,93.55546
Middle-income countries,,2016,93.68402
Middle-income countries,,2017,93.79107
Middle-income countries,,2018,93.95203
Middle-income countries,,2019,95.14548
Middle-income countries,,2020,95.25028
Middle-income countries,,2021,95.33419
Middle-income countries,,2022,95.42441
Middle-income countries,,2023,95.49074
Moldova,MDA,1989,100
Moldova,MDA,2000,99
Moldova,MDA,2005,99.87
Moldova,MDA,2012,100
Moldova,MDA,2014,100
Mongolia,MNG,2000,97
Mongolia,MNG,2010,98
Mongolia,MNG,2018,99.6363
Mongolia,MNG,2020,99
Mongolia,MNG,2022,99.61688
Montenegro,MNE,1981,99
Montenegro,MNE,1991,99
Montenegro,MNE,2003,99
Montenegro,MNE,2011,99
Montenegro,MNE,2018,96.23099
Morocco,MAR,1982,58
Morocco,MAR,1994,71
Morocco,MAR,2004,81
Morocco,MAR,2008,86
Morocco,MAR,2009,87
Morocco,MAR,2011,89
Morocco,MAR,2012,94
Mozambique,MOZ,1980,64
Mozambique,MOZ,1997,59
Mozambique,MOZ,2003,74
Mozambique,MOZ,2009,80
Mozambique,MOZ,2015,79
Mozambique,MOZ,2017,77
Mozambique,MOZ,2020,76
Myanmar,MMR,1983,89
Myanmar,MMR,2000,96
Myanmar,MMR,2014,94
Myanmar,MMR,2016,91.15811
Myanmar,MMR,2019,95
Namibia,NAM,1991,86
Namibia,NAM,2000,88.26
Namibia,NAM,2001,91
Namibia,NAM,2007,88.77
Namibia,NAM,2011,93
Namibia,NAM,2013,92.08
Nepal,NPL,1981,45
Nepal,NPL,1991,68
Nepal,NPL,2001,81
Nepal,NPL,2006,94.24
Nepal,NPL,2011,90
Nepal,NPL,2016,94.43616
Nepal,NPL,2019,96.80686
Nepal,NPL,2022,97.16
New Caledonia,NCL,1976,97
New Caledonia,NCL,1989,99
New Caledonia,NCL,1996,99
Nicaragua,NIC,2001,85.3
Nicaragua,NIC,2005,89.4
Nicaragua,NIC,2009,92.6
Nicaragua,NIC,2014,94.1
Niger,NER,2001,26
Niger,NER,2005,52
Niger,NER,2006,33.02
Niger,NER,2012,49
Niger,NER,2018,56.88975
Niger,NER,2022,63.96316
Nigeria,NGA,1991,81
Nigeria,NGA,2003,78
Nigeria,NGA,2006,83
Nigeria,NGA,2008,78.5
Nigeria,NGA,2013,86.17
Nigeria,NGA,2016,78.43424
Nigeria,NGA,2018,71.80612
Nigeria,NGA,2021,77.77638
North America (WB),,2003,99.62593
North America (WB),,2004,99.62974
North America (WB),,2005,99.63311
North America (WB),,2006,99.63755
North America (WB),,2007,99.63883
North America (WB),,2008,99.6403
North America (WB),,2017,99.6591
North America (WB),,2018,99.66024
North America (WB),,2019,99.66159
North America (WB),,2020,99.66034
North America (WB),,2021,99.66233
North America (WB),,2022,99.66295
North Korea,PRK,2008,100
North Macedonia,MKD,1994,99
North Macedonia,MKD,2002,99
Northern Africa and Western Asia (SDG),,1976,80.1768
Northern Africa and Western Asia (SDG),,1977,80.46183
Northern Africa and Western Asia (SDG),,1978,80.73648
Northern Africa and Western Asia (SDG),,1979,81.42589
Northern Africa and Western Asia (SDG),,1980,81.66279
Northern Africa and Western Asia (SDG),,1981,81.94828
Northern Africa and Western Asia (SDG),,1982,82.24888
Northern Africa and Western Asia (SDG),,1983,82.74415
Northern Africa and Western Asia (SDG),,1984,83.72984
Northern Africa and Western Asia (SDG),,1985,84.23051
Northern Africa and Western Asia (SDG),,1986,84.74233
Northern Africa and Western Asia (SDG),,1987,85.19118
Northern Africa and Western Asia (SDG),,1988,85.65983
Northern Africa and Western Asia (SDG),,1989,86.2774
Northern Africa and Western Asia (SDG),,1990,86.77123
Northern Africa and Western Asia (SDG),,1991,87.62791
Northern Africa and Western Asia (SDG),,1992,88.09057
Northern Africa and Western Asia (SDG),,1993,88.13447
Northern Africa and Western Asia (SDG),,1994,88.44629
Northern Africa and Western Asia (SDG),,1995,88.81908
Northern Africa and Western Asia (SDG),,1996,89.17943
Northern Africa and Western Asia (SDG),,1997,89.49842
Northern Africa and Western Asia (SDG),,1998,89.68784
Northern Africa and Western Asia (SDG),,1999,89.90529
Northern Africa and Western Asia (SDG),,2000,90.36577
Northern Africa and Western Asia (SDG),,2001,90.72356
Northern Africa and Western Asia (SDG),,2002,90.98169
Northern Africa and Western Asia (SDG),,2003,92.36484
Northern Africa and Western Asia (SDG),,2004,92.53676
Northern Africa and Western Asia (SDG),,2005,92.72336
Northern Africa and Western Asia (SDG),,2006,90.81431
Northern Africa and Western Asia (SDG),,2007,91.32681
Northern Africa and Western Asia (SDG),,2008,91.77027
Northern Africa and Western Asia (SDG),,2009,90.00552
Northern Africa and Western Asia (SDG),,2010,90.27802
Northern Africa and Western Asia (SDG),,2011,90.83069
Northern Africa and Western Asia (SDG),,2012,91.40776
Northern Africa and Western Asia (SDG),,2013,91.66172
Northern Africa and Western Asia (SDG),,2014,91.6782
Northern Africa and Western Asia (SDG),,2015,91.68989
Northern Africa and Western Asia (SDG),,2016,90.51795
Northern Africa and Western Asia (SDG),,2017,90.6555
Northern Africa and Western Asia (SDG),,2018,90.74045
Northern Africa and Western Asia (SDG),,2019,90.84184
Northern Africa and Western Asia (SDG),,2020,90.97112
Northern Africa and Western Asia (SDG),,2021,91.14234
Northern Africa and Western Asia (SDG),,2022,91.21332
Northern Africa and Western Asia (SDG),,2023,91.25193
Oceania (excluding Australia and New Zealand) (SDG),,1994,77.99778
Oceania (excluding Australia and New Zealand) (SDG),,1995,77.93086
Oceania (excluding Australia and New Zealand) (SDG),,1996,77.80159
Oceania (excluding Australia and New Zealand) (SDG),,1997,77.57193
Oceania (excluding Australia and New Zealand) (SDG),,1998,77.23113
Oceania (excluding Australia and New Zealand) (SDG),,1999,76.60148
Oceania (excluding Australia and New Zealand) (SDG),,2000,75.68379
Oceania (excluding Australia and New Zealand) (SDG),,2001,75.20317
Oceania (excluding Australia and New Zealand) (SDG),,2002,74.65344
Oceania (excluding Australia and New Zealand) (SDG),,2003,74.06713
Oceania (excluding Australia and New Zealand) (SDG),,2004,73.51779
Oceania (excluding Australia and New Zealand) (SDG),,2005,72.99228
Oceania (excluding Australia and New Zealand) (SDG),,2006,72.42972
Oceania (excluding Australia and New Zealand) (SDG),,2007,71.91764
Oceania (excluding Australia and New Zealand) (SDG),,2008,71.43784
Oceania (excluding Australia and New Zealand) (SDG),,2009,71.16369
Oceania (excluding Australia and New Zealand) (SDG),,2010,71.10046
Oceania (excluding Australia and New Zealand) (SDG),,2011,70.99472
Oceania (excluding Australia and New Zealand) (SDG),,2012,70.90169
Oceania (excluding Australia and New Zealand) (SDG),,2013,70.80942
Oceania (excluding Australia and New Zealand) (SDG),,2014,70.69678
Oceania (excluding Australia and New Zealand) (SDG),,2016,70.49173
Oceania (excluding Australia and New Zealand) (SDG),,2017,70.40302
Oceania (excluding Australia and New Zealand) (SDG),,2018,70.31829
Oceania (excluding Australia and New Zealand) (SDG),,2019,70.24382
Oceania (excluding Australia and New Zealand) (SDG),,2020,70.17836
Oceania (excluding Australia and New Zealand) (SDG),,2021,70.16173
Oman,OMN,2003,66
Oman,OMN,2008,98
Oman,OMN,2010,97
Oman,OMN,2015,99
Oman,OMN,2017,98
Oman,OMN,2018,98
Oman,OMN,2020,100
Oman,OMN,2022,100
Pakistan,PAK,1981,45
Pakistan,PAK,1998,67
Pakistan,PAK,2005,77
Pakistan,PAK,2006,79
Pakistan,PAK,2007,75
Pakistan,PAK,2008,79
Pakistan,PAK,2009,79
Pakistan,PAK,2010,80
Pakistan,PAK,2011,78
Pakistan,PAK,2012,80
Pakistan,PAK,2013,79
Pakistan,PAK,2014,80
Pakistan,PAK,2017,81
Pakistan,PAK,2018,80
Pakistan,PAK,2019,80
Pakistan,PAK,2021,79.45763
Palau,PLW,1980,94
Palau,PLW,2013,100
Palau,PLW,2015,98
Palestine,PSE,1997,97
Palestine,PSE,2004,99
Palestine,PSE,2006,99
Palestine,PSE,2007,99
Palestine,PSE,2008,99
Palestine,PSE,2009,99
Palestine,PSE,2010,99
Palestine,PSE,2011,99
Palestine,PSE,2012,99
Palestine,PSE,2013,99
Palestine,PSE,2014,99
Palestine,PSE,2015,99
Palestine,PSE,2016,99
Palestine,PSE,2017,99
Palestine,PSE,2018,99
Palestine,PSE,2019,99
Palestine,PSE,2020,99
Palestine,PSE,2022,99
Panama,PAN,1980,96
Panama,PAN,1990,95
Panama,PAN,2000,97
Panama,PAN,2010,98
Panama,PAN,2014,98.4
Panama,PAN,2015,98.4
Panama,PAN,2016,99.1
Panama,PAN,2017,99.3
Panama,PAN,2018,99.3
Panama,PAN,2019,98.9
Panama,PAN,2021,99.3
Panama,PAN,2022,99.4
Panama,PAN,2023,98.8
Papua New Guinea,PNG,2000,69
Papua New Guinea,PNG,2017,87.25939
Paraguay,PRY,1982,90
Paraguay,PRY,1992,96
Paraguay,PRY,2001,95.7
Paraguay,PRY,2002,97.6
Paraguay,PRY,2003,97.3
Paraguay,PRY,2004,97.3
Paraguay,PRY,2005,97.6
Paraguay,PRY,2006,98.4
Paraguay,PRY,2007,98.6
Paraguay,PRY,2008,97.6
Paraguay,PRY,2009,98
Paraguay,PRY,2010,98.5
Paraguay,PRY,2011,98.3
Paraguay,PRY,2012,98.3
Paraguay,PRY,2013,98.6
Paraguay,PRY,2014,99
Paraguay,PRY,2015,98.4
Paraguay,PRY,2016,98.2
Paraguay,PRY,2017,97.7
Paraguay,PRY,2018,97.7
Paraguay,PRY,2019,98
Paraguay,PRY,2020,98.6
Paraguay,PRY,2021,98.1
Paraguay,PRY,2022,98.5
Paraguay,PRY,2023,98.8
Peru,PER,1981,97
Peru,PER,1993,97
Peru,PER,2000,99.1
Peru,PER,2001,98.2
Peru,PER,2002,97.6
Peru,PER,2003,97.6
Peru,PER,2004,98.4
Peru,PER,2005,98.1
Peru,PER,2006,98.6
Peru,PER,2007,98.1
Peru,PER,2008,98.2
Peru,PER,2009,98.7
Peru,PER,2010,98.6
Peru,PER,2011,98.6
Peru,PER,2012,98.7
Peru,PER,2013,98.9
Peru,PER,2014,99.2
Peru,PER,2015,99.3
Peru,PER,2016,99.1
Peru,PER,2017,99.3
Peru,PER,2018,99.1
Peru,PER,2019,99.1
Peru,PER,2020,99.6
Peru,PER,2021,99.1
Peru,PER,2022,99.3
Peru,PER,2023,99.3
Philippines,PHL,1980,91
Philippines,PHL,1990,96
Philippines,PHL,1994,96
Philippines,PHL,2000,94
Philippines,PHL,2003,94
Philippines,PHL,2008,97
Philippines,PHL,2013,97
Philippines,PHL,2015,99
Philippines,PHL,2017,100
Philippines,PHL,2019,98
Philippines,PHL,2020,99
Philippines,PHL,2022,100
Poland,POL,1978,100
Portugal,PRT,1981,98
Portugal,PRT,1991,99
Portugal,PRT,2011,99
Puerto Rico,PRI,1980,93
Puerto Rico,PRI,1990,92
Puerto Rico,PRI,2010,99
Puerto Rico,PRI,2017,92
Qatar,QAT,1986,89
Qatar,QAT,1997,94
Qatar,QAT,2004,95
Qatar,QAT,2007,99
Qatar,QAT,2008,95
Qatar,QAT,2009,98
Qatar,QAT,2010,96
Qatar,QAT,2011,98
Qatar,QAT,2012,99
Qatar,QAT,2013,99
Qatar,QAT,2014,98
Reunion,REU,1982,94
Romania,ROU,1992,99
Romania,ROU,2002,98
Romania,ROU,2011,99
Romania,ROU,2021,100
Russia,RUS,1989,100
Russia,RUS,2002,100
Russia,RUS,2010,100
Russia,RUS,2021,100
Rwanda,RWA,1978,60
Rwanda,RWA,2000,79
Rwanda,RWA,2005,72.72
Rwanda,RWA,2010,80.31
Rwanda,RWA,2012,81
Rwanda,RWA,2014,84
Rwanda,RWA,2015,87.92002
Rwanda,RWA,2018,84
Rwanda,RWA,2020,90.36046
Rwanda,RWA,2022,88
Saint Helena,SHN,1998,99
Saint Lucia,LCA,2012,100
Saint Pierre and Miquelon,SPM,1982,99
Saint Vincent and the Grenadines,VCT,1970,98
Samoa,WSM,1991,99
Samoa,WSM,2011,99
Samoa,WSM,2016,100
Samoa,WSM,2019,98.54096
San Marino,SMR,2022,100
Sao Tome and Principe,STP,1981,91
Sao Tome and Principe,STP,1991,96
Sao Tome and Principe,STP,2001,96
Sao Tome and Principe,STP,2012,97
Sao Tome and Principe,STP,2019,95.85022
Saudi Arabia,SAU,1992,94
Saudi Arabia,SAU,2000,98
Saudi Arabia,SAU,2004,97
Saudi Arabia,SAU,2013,99
Saudi Arabia,SAU,2017,99
Saudi Arabia,SAU,2020,100
Senegal,SEN,1988,49
Senegal,SEN,2002,58
Senegal,SEN,2005,57.43
Senegal,SEN,2006,58
Senegal,SEN,2009,72
Senegal,SEN,2011,74
Senegal,SEN,2013,63
Senegal,SEN,2014,63.45
Senegal,SEN,2015,65.78748
Senegal,SEN,2016,69.407
Senegal,SEN,2017,76
Senegal,SEN,2018,66.22319
Senegal,SEN,2019,68.82227
Senegal,SEN,2023,69.2685
Serbia,SRB,2003,99
Serbia,SRB,2011,99
Serbia,SRB,2016,100
Serbia,SRB,2019,100
Seychelles,SYC,1987,97
Seychelles,SYC,1994,98
Seychelles,SYC,2002,99
Seychelles,SYC,2010,99
Sierra Leone,SLE,2004,60
Sierra Leone,SLE,2008,73.58
Sierra Leone,SLE,2013,79.69
Sierra Leone,SLE,2017,78.74271
Sierra Leone,SLE,2019,78.1976
Singapore,SGP,1980,96
Singapore,SGP,1990,99
Singapore,SGP,2000,99
Singapore,SGP,2010,100
Singapore,SGP,2011,100
Singapore,SGP,2012,100
Singapore,SGP,2013,100
Singapore,SGP,2014,100
Singapore,SGP,2015,100
Singapore,SGP,2016,100
Singapore,SGP,2017,100
Singapore,SGP,2018,100
Singapore,SGP,2019,100
Singapore,SGP,2020,100
Singapore,SGP,2021,100
Slovenia,SVN,1991,100
Somalia,SOM,2022,76
South Africa,ZAF,1980,85
South Africa,ZAF,1996,93
South Africa,ZAF,2007,97
South Africa,ZAF,2009,98
South Africa,ZAF,2010,98
South Africa,ZAF,2011,98
South Africa,ZAF,2012,98
South Africa,ZAF,2014,99
South Africa,ZAF,2015,99
South Africa,ZAF,2016,95.83106
South Africa,ZAF,2017,94
South Africa,ZAF,2019,98
South Africa,ZAF,2021,96
South Asia (WB),,1975,61.23359
South Asia (WB),,1976,61.21412
South Asia (WB),,1977,61.64887
South Asia (WB),,1978,61.9847
South Asia (WB),,1979,62.23472
South Asia (WB),,1980,62.3737
South Asia (WB),,1981,62.3914
South Asia (WB),,1982,62.57432
South Asia (WB),,1983,62.71156
South Asia (WB),,1984,62.81609
South Asia (WB),,1985,62.97352
South Asia (WB),,1986,63.16405
South Asia (WB),,1987,63.43552
South Asia (WB),,1988,66.51168
South Asia (WB),,1989,67.4087
South Asia (WB),,1990,68.20921
South Asia (WB),,1991,68.92892
South Asia (WB),,1992,70.42248
South Asia (WB),,1993,71.8677
South Asia (WB),,1994,72.58117
South Asia (WB),,1995,73.29805
South Asia (WB),,1996,74.01736
South Asia (WB),,1997,74.6834
South Asia (WB),,1998,78.93805
South Asia (WB),,1999,79.58144
South Asia (WB),,2000,80.11587
South Asia (WB),,2001,80.55457
South Asia (WB),,2002,81.07521
South Asia (WB),,2003,82.17898
South Asia (WB),,2004,82.60598
South Asia (WB),,2005,84.34488
South Asia (WB),,2006,83.2914
South Asia (WB),,2007,83.58977
South Asia (WB),,2008,84.51249
South Asia (WB),,2009,85.06028
South Asia (WB),,2010,86.65498
South Asia (WB),,2011,86.86274
South Asia (WB),,2012,87.20437
South Asia (WB),,2013,88.39692
South Asia (WB),,2014,88.77747
South Asia (WB),,2015,89.4431
South Asia (WB),,2016,90.26568
South Asia (WB),,2017,90.72693
South Asia (WB),,2018,90.6786
South Asia (WB),,2019,93.54365
South Asia (WB),,2020,93.79383
South Asia (WB),,2021,94.11137
South Asia (WB),,2022,94.38901
South Asia (WB),,2023,94.64723
South Korea,KOR,2008,100
South Sudan,SSD,2008,44
Spain,ESP,1981,99
Spain,ESP,1991,100
Spain,ESP,2004,100
Spain,ESP,2005,100
Spain,ESP,2006,100
Spain,ESP,2007,100
Spain,ESP,2008,100
Spain,ESP,2009,100
Spain,ESP,2010,100
Spain,ESP,2011,100
Spain,ESP,2012,100
Spain,ESP,2013,100
Spain,ESP,2014,100
Spain,ESP,2015,100
Spain,ESP,2016,100
Spain,ESP,2018,100
Spain,ESP,2020,99
Spain,ESP,2021,100
Sri Lanka,LKA,1981,92
Sri Lanka,LKA,2001,95
Sri Lanka,LKA,2006,97
Sri Lanka,LKA,2008,97
Sri Lanka,LKA,2010,98
Sri Lanka,LKA,2016,98
Sri Lanka,LKA,2017,99
Sri Lanka,LKA,2018,99
Sri Lanka,LKA,2019,99
Sri Lanka,LKA,2020,99
Sri Lanka,LKA,2021,99
Sri Lanka,LKA,2022,98
Sri Lanka,LKA,2023,99
Sub-Saharan Africa (SDG),,1984,70.43321
Sub-Saharan Africa (SDG),,1985,70.81741
Sub-Saharan Africa (SDG),,1986,71.08217
Sub-Saharan Africa (SDG),,1987,71.60052
Sub-Saharan Africa (SDG),,1988,71.72021
Sub-Saharan Africa (SDG),,1989,72.03917
Sub-Saharan Africa (SDG),,1990,72.29014
Sub-Saharan Africa (SDG),,1991,72.2987
Sub-Saharan Africa (SDG),,1992,72.05907
Sub-Saharan Africa (SDG),,1993,72.08115
Sub-Saharan Africa (SDG),,1994,72.18253
Sub-Saharan Africa (SDG),,1995,71.97712
Sub-Saharan Africa (SDG),,1996,71.98382
Sub-Saharan Africa (SDG),,1997,72.15557
Sub-Saharan Africa (SDG),,1998,72.20642
Sub-Saharan Africa (SDG),,1999,72.93401
Sub-Saharan Africa (SDG),,2000,71.98056
Sub-Saharan Africa (SDG),,2001,72.22311
Sub-Saharan Africa (SDG),,2002,74.55391
Sub-Saharan Africa (SDG),,2003,74.41884
Sub-Saharan Africa (SDG),,2004,74.9079
Sub-Saharan Africa (SDG),,2005,74.3745
Sub-Saharan Africa (SDG),,2006,74.48927
Sub-Saharan Africa (SDG),,2007,74.51744
Sub-Saharan Africa (SDG),,2008,74.663
Sub-Saharan Africa (SDG),,2009,75.04334
Sub-Saharan Africa (SDG),,2010,75.64068
Sub-Saharan Africa (SDG),,2011,76.85467
Sub-Saharan Africa (SDG),,2012,78.12264
Sub-Saharan Africa (SDG),,2013,78.90765
Sub-Saharan Africa (SDG),,2014,79.18538
Sub-Saharan Africa (SDG),,2015,79.54214
Sub-Saharan Africa (SDG),,2016,79.74457
Sub-Saharan Africa (SDG),,2017,80.03684
Sub-Saharan Africa (SDG),,2018,80.90309
Sub-Saharan Africa (SDG),,2019,80.98639
Sub-Saharan Africa (SDG),,2020,81.04912
Sub-Saharan Africa (SDG),,2021,81.16229
Sub-Saharan Africa (SDG),,2022,81.32142
Sub-Saharan Africa (SDG),,2023,81.43321
Sub-Saharan Africa (WB),,1985,71.36318
Sub-Saharan Africa (WB),,1986,71.60516
Sub-Saharan Africa (WB),,1987,72.09146
Sub-Saharan Africa (WB),,1988,72.19366
Sub-Saharan Africa (WB),,1989,72.48472
Sub-Saharan Africa (WB),,1990,72.71775
Sub-Saharan Africa (WB),,1991,72.7188
Sub-Saharan Africa (WB),,1992,72.48352
Sub-Saharan Africa (WB),,1993,72.50194
Sub-Saharan Africa (WB),,1994,72.60356
Sub-Saharan Africa (WB),,1995,72.41475
Sub-Saharan Africa (WB),,1996,72.45479
Sub-Saharan Africa (WB),,1997,72.65162
Sub-Saharan Africa (WB),,1998,72.72885
Sub-Saharan Africa (WB),,1999,73.44743
Sub-Saharan Africa (WB),,2000,72.55322
Sub-Saharan Africa (WB),,2001,72.80689
Sub-Saharan Africa (WB),,2002,75.05337
Sub-Saharan Africa (WB),,2003,74.9335
Sub-Saharan Africa (WB),,2004,75.41172
Sub-Saharan Africa (WB),,2005,74.91303
Sub-Saharan Africa (WB),,2006,74.18462
Sub-Saharan Africa (WB),,2007,74.22833
Sub-Saharan Africa (WB),,2008,74.385
Sub-Saharan Africa (WB),,2009,74.77022
Sub-Saharan Africa (WB),,2010,75.36194
Sub-Saharan Africa (WB),,2011,76.54916
Sub-Saharan Africa (WB),,2012,77.78892
Sub-Saharan Africa (WB),,2013,78.56353
Sub-Saharan Africa (WB),,2014,78.85027
Sub-Saharan Africa (WB),,2015,79.20958
Sub-Saharan Africa (WB),,2016,79.42151
Sub-Saharan Africa (WB),,2017,79.71815
Sub-Saharan Africa (WB),,2018,80.56685
Sub-Saharan Africa (WB),,2019,80.64873
Sub-Saharan Africa (WB),,2020,80.71279
Sub-Saharan Africa (WB),,2021,80.82516
Sub-Saharan Africa (WB),,2022,80.98119
Sub-Saharan Africa (WB),,2023,81.09069
Sudan,SDN,2000,86
Sudan,SDN,2008,69
Suriname,SUR,2004,96
Suriname,SUR,2008,99
Suriname,SUR,2010,98
Suriname,SUR,2012,98
Suriname,SUR,2018,97.44166
Syria,SYR,1981,89
Syria,SYR,2002,97
Syria,SYR,2004,95
Syria,SYR,2021,98
Tajikistan,TJK,1989,100
Tajikistan,TJK,2000,100
Tajikistan,TJK,2017,100
Tanzania,TZA,1988,86
Tanzania,TZA,2002,81
Tanzania,TZA,2012,87
Tanzania,TZA,2015,87
Tanzania,TZA,2022,88.81121
Thailand,THA,1980,98
Thailand,THA,2000,98
Thailand,THA,2005,98
Thailand,THA,2010,97
Thailand,THA,2013,98
Thailand,THA,2015,98
Thailand,THA,2016,97.36126
Thailand,THA,2018,98
Thailand,THA,2019,98.46694
Thailand,THA,2022,97.94499
Togo,TGO,2000,84
Togo,TGO,2006,85
Togo,TGO,2009,88
Togo,TGO,2011,87
Togo,TGO,2014,88.61
Togo,TGO,2015,90
Togo,TGO,2017,89.43568
Togo,TGO,2019,92
Togo,TGO,2022,93.32553
Tonga,TON,1976,100
Tonga,TON,1996,99
Tonga,TON,2006,99
Tonga,TON,2011,99
Tonga,TON,2016,98
Tonga,TON,2019,99.91556
Trinidad and Tobago,TTO,1980,99
Trinidad and Tobago,TTO,1990,99
Trinidad and Tobago,TTO,2022,89.05
Tunisia,TUN,1984,86
Tunisia,TUN,2004,96
Tunisia,TUN,2007,98
Tunisia,TUN,2008,98
Tunisia,TUN,2010,98
Tunisia,TUN,2011,98
Tunisia,TUN,2012,98
Tunisia,TUN,2014,97
Tunisia,TUN,2018,98.38471
Tunisia,TUN,2019,97
Tunisia,TUN,2021,98.83691
Tunisia,TUN,2023,98.1943
Turkey,TUR,1975,91
Turkey,TUR,1980,94
Turkey,TUR,1985,96
Turkey,TUR,1990,97
Turkey,TUR,2004,98
Turkey,TUR,2005,98
Turkey,TUR,2006,98
Turkey,TUR,2007,99
Turkey,TUR,2009,99
Turkey,TUR,2010,99
Turkey,TUR,2011,99
Turkey,TUR,2012,100
Turkey,TUR,2013,100
Turkey,TUR,2014,100
Turkey,TUR,2015,100
Turkey,TUR,2016,100
Turkey,TUR,2017,100
Turkey,TUR,2018,100
Turkey,TUR,2019,100
Turkey,TUR,2021,100
Turkey,TUR,2022,92.57
Turkmenistan,TKM,1995,100
Turks and Caicos Islands,TCA,2020,99.88
Tuvalu,TUV,2019,99.09656
Uganda,UGA,1991,77
Uganda,UGA,2002,86
Uganda,UGA,2006,87
Uganda,UGA,2010,90
Uganda,UGA,2012,86
Uganda,UGA,2016,81.41776
Ukraine,UKR,2001,100
United Arab Emirates,ARE,1975,66
United Arab Emirates,ARE,1985,81
United Arab Emirates,ARE,2005,94
United Arab Emirates,ARE,2019,98
United Arab Emirates,ARE,2021,100
United Arab Emirates,ARE,2022,100
United Arab Emirates,ARE,2023,100
Upper-middle-income countries,,1976,91.12792
Upper-middle-income countries,,1977,91.19227
Upper-middle-income countries,,1978,91.68901
Upper-middle-income countries,,1979,92.23839
Upper-middle-income countries,,1980,92.60793
Upper-middle-income countries,,1981,92.93683
Upper-middle-income countries,,1982,93.15796
Upper-middle-income countries,,1983,93.4401
Upper-middle-income countries,,1984,93.75968
Upper-middle-income countries,,1985,93.99423
Upper-middle-income countries,,1986,94.21991
Upper-middle-income countries,,1987,94.85824
Upper-middle-income countries,,1988,95.26347
Upper-middle-income countries,,1989,95.32923
Upper-middle-income countries,,1990,95.47237
Upper-middle-income countries,,1991,95.69874
Upper-middle-income countries,,1992,95.88485
Upper-middle-income countries,,1993,96.0724
Upper-middle-income countries,,1994,96.25916
Upper-middle-income countries,,1995,96.46448
Upper-middle-income countries,,1996,96.55877
Upper-middle-income countries,,1997,97.60968
Upper-middle-income countries,,1998,97.6549
Upper-middle-income countries,,1999,97.70646
Upper-middle-income countries,,2000,97.79391
Upper-middle-income countries,,2001,97.85461
Upper-middle-income countries,,2002,97.99065
Upper-middle-income countries,,2003,98.2334
Upper-middle-income countries,,2004,98.30662
Upper-middle-income countries,,2005,98.38385
Upper-middle-income countries,,2006,98.24177
Upper-middle-income countries,,2007,98.41625
Upper-middle-income countries,,2008,98.77105
Upper-middle-income countries,,2009,98.41689
Upper-middle-income countries,,2010,98.39964
Upper-middle-income countries,,2011,98.40447
Upper-middle-income countries,,2012,98.44543
Upper-middle-income countries,,2013,98.41508
Upper-middle-income countries,,2014,98.53498
Upper-middle-income countries,,2015,98.51003
Upper-middle-income countries,,2016,98.51744
Upper-middle-income countries,,2017,98.37493
Upper-middle-income countries,,2018,98.38033
Upper-middle-income countries,,2019,98.49624
Upper-middle-income countries,,2020,98.49807
Upper-middle-income countries,,2021,98.46274
Upper-middle-income countries,,2022,98.46457
Upper-middle-income countries,,2023,98.43889
Uruguay,URY,1975,98
Uruguay,URY,1985,98
Uruguay,URY,1996,98
Uruguay,URY,2006,98
Uruguay,URY,2007,98
Uruguay,URY,2008,98.6
Uruguay,URY,2009,98.6
Uruguay,URY,2010,98.4
Uruguay,URY,2011,98.6
Uruguay,URY,2012,98.6
Uruguay,URY,2013,98.6
Uruguay,URY,2014,98.3
Uruguay,URY,2015,98.6
Uruguay,URY,2016,98.9
Uruguay,URY,2017,98.6
Uruguay,URY,2018,98.6
Uruguay,URY,2019,98.7
Uruguay,URY,2021,99.1
Uruguay,URY,2022,98.9
Uruguay,URY,2023,98.7
Uzbekistan,UZB,2000,100
Uzbekistan,UZB,2013,100
Uzbekistan,UZB,2014,100
Uzbekistan,UZB,2015,100
Uzbekistan,UZB,2016,100
Uzbekistan,UZB,2018,100
Uzbekistan,UZB,2019,100
Uzbekistan,UZB,2021,100
Uzbekistan,UZB,2022,100
Vanuatu,VUT,1979,76
Vanuatu,VUT,2023,93.36447
Venezuela,VEN,1981,92
Venezuela,VEN,1990,95
Venezuela,VEN,2000,96.9
Venezuela,VEN,2001,97
Venezuela,VEN,2002,97.2
Venezuela,VEN,2003,97.2
Venezuela,VEN,2004,97.7
Venezuela,VEN,2005,97.6
Venezuela,VEN,2006,97.8
Venezuela,VEN,2007,98
Venezuela,VEN,2008,98.1
Venezuela,VEN,2009,98.3
Venezuela,VEN,2010,98.1
Venezuela,VEN,2011,98.3
Venezuela,VEN,2012,98.6
Venezuela,VEN,2013,98.5
Venezuela,VEN,2014,98.6
Venezuela,VEN,2015,99
Venezuela,VEN,2016,98
Vietnam,VNM,1979,96
Vietnam,VNM,1989,94
Vietnam,VNM,1999,95
Vietnam,VNM,2000,96
Vietnam,VNM,2009,97
Vietnam,VNM,2019,99
Vietnam,VNM,2020,97.48152
Vietnam,VNM,2022,99
World,OWID_WRL,1975,84.20595
World,OWID_WRL,1976,84.17135
World,OWID_WRL,1977,84.20283
World,OWID_WRL,1978,84.46616
World,OWID_WRL,1979,84.77585
World,OWID_WRL,1980,84.9404
World,OWID_WRL,1981,85.0829
World,OWID_WRL,1982,85.20493
World,OWID_WRL,1983,85.2977
World,OWID_WRL,1984,85.46811
World,OWID_WRL,1985,85.64762
World,OWID_WRL,1986,85.81324
World,OWID_WRL,1987,86.27433
World,OWID_WRL,1988,87.0731
World,OWID_WRL,1989,87.18682
World,OWID_WRL,1990,87.31748
World,OWID_WRL,1991,87.43884
World,OWID_WRL,1992,87.67215
World,OWID_WRL,1993,87.92209
World,OWID_WRL,1994,88.03336
World,OWID_WRL,1995,88.14821
World,OWID_WRL,1996,88.23841
World,OWID_WRL,1997,88.7176
World,OWID_WRL,1998,89.70054
World,OWID_WRL,1999,89.85753
World,OWID_WRL,2000,89.84021
World,OWID_WRL,2001,89.94985
World,OWID_WRL,2002,90.38558
World,OWID_WRL,2003,90.82547
World,OWID_WRL,2004,90.99728
World,OWID_WRL,2005,91.38889
World,OWID_WRL,2006,90.91807
World,OWID_WRL,2007,91.08644
World,OWID_WRL,2008,91.41756
World,OWID_WRL,2009,91.40515
World,OWID_WRL,2010,91.80122
World,OWID_WRL,2011,91.86451
World,OWID_WRL,2012,92.09037
World,OWID_WRL,2013,92.42617
World,OWID_WRL,2014,92.55024
World,OWID_WRL,2015,92.69437
World,OWID_WRL,2016,92.76739
World,OWID_WRL,2017,92.85626
World,OWID_WRL,2018,92.88166
World,OWID_WRL,2019,93.74094
World,OWID_WRL,2020,93.77812
World,OWID_WRL,2021,93.83333
World,OWID_WRL,2022,93.8974
World,OWID_WRL,2023,93.93184
Yemen,YEM,1994,83
Yemen,YEM,2023,61.76
Zambia,ZMB,1990,67
Zambia,ZMB,1999,73
Zambia,ZMB,2002,78
Zambia,ZMB,2010,91
Zambia,ZMB,2018,82.44786
Zimbabwe,ZWE,1982,94
Zimbabwe,ZWE,1992,97
Zimbabwe,ZWE,2019,90.77383